order_id,order_date,customer_id,product_id,quantity,revenue,payment_mode
1,2025-11-13,1074,20,4,8324,Card
2,2025-09-08,1006,23,15,27135,Cash
3,2025-07-16,1007,19,13,11856,Cash
4,2025-02-06,1007,25,7,6846,Card
5,2025-10-14,1017,15,11,11440,Card
6,2025-09-10,1024,29,19,40850,Card
7,2025-07-29,1062,22,15,17115,Cash
8,2025-06-19,1026,37,11,26279,Card
9,2025-03-21,1000,18,8,17152,UPI
10,2025-06-19,1010,5,3,4107,Card
11,2025-03-28,1052,18,10,18990,Card
12,2025-01-24,1093,28,8,13624,Card
13,2025-06-21,1025,7,18,19422,Cash
14,2025-08-04,1096,20,5,6695,UPI
15,2025-09-06,1083,1,6,11742,UPI
16,2025-05-21,1049,21,16,38992,Cash
17,2025-07-05,1016,27,18,17172,Cash
18,2025-07-02,1093,10,5,7785,Card
19,2025-04-23,1038,4,16,31984,UPI
20,2025-03-31,1097,23,9,17352,Card
21,2025-02-15,1010,28,14,22484,Card
22,2025-06-29,1043,20,2,4998,Cash
23,2025-09-12,1008,16,20,42900,UPI
24,2025-01-23,1067,13,8,16256,UPI
25,2025-07-02,1055,34,15,26790,UPI
26,2025-03-25,1046,25,16,23984,Card
27,2025-10-25,1086,9,11,24915,Card
28,2025-09-02,1094,7,6,5532,UPI
29,2025-05-03,1012,19,16,15472,UPI
30,2025-11-23,1009,14,20,43720,Card
31,2025-12-13,1021,4,10,11730,UPI
32,2025-07-08,1074,9,15,14370,Cash
33,2025-01-12,1066,17,6,10338,UPI
34,2025-01-25,1031,21,7,10360,UPI
35,2025-04-16,1031,35,3,4536,UPI
36,2025-09-17,1014,13,3,7251,Cash
37,2025-12-25,1091,30,16,25664,Cash
38,2025-07-29,1058,34,13,16536,Cash
39,2025-11-15,1033,24,10,10820,Cash
40,2025-04-05,1017,12,11,14619,UPI
41,2025-01-20,1013,16,18,37206,UPI
42,2025-11-19,1061,12,14,28000,Cash
43,2025-04-02,1060,1,16,20000,Cash
44,2025-08-28,1030,9,7,10437,UPI
45,2025-04-06,1043,8,12,21204,Cash
46,2025-08-29,1100,30,2,3048,Cash
47,2025-09-10,1011,26,4,4068,UPI
48,2025-05-06,1040,21,7,6951,UPI
49,2025-07-20,1030,23,17,31382,Cash
50,2025-12-21,1049,24,14,20356,Card
51,2025-07-07,1034,35,5,6960,Card
52,2025-07-07,1032,22,2,3266,Cash
53,2025-03-18,1038,26,2,4672,UPI
54,2025-03-14,1066,24,14,24990,Card
55,2025-01-13,1036,27,1,1513,UPI
56,2025-11-25,1000,5,9,15867,Card
57,2025-08-26,1076,14,20,29000,Cash
58,2025-11-30,1081,12,3,4743,Card
59,2025-05-04,1077,29,19,46607,Card
60,2025-05-11,1087,27,12,10812,UPI
61,2025-11-19,1056,13,9,19467,UPI
62,2025-01-19,1039,15,19,39083,Card
63,2025-04-22,1026,13,1,1006,UPI
64,2025-03-31,1032,32,10,16380,Cash
65,2025-09-22,1024,38,20,19480,Cash
66,2025-08-10,1019,27,13,23647,Cash
67,2025-08-01,1037,27,14,26110,UPI
68,2025-04-26,1063,19,12,19800,UPI
69,2025-07-09,1020,9,7,14651,UPI
70,2025-05-24,1092,28,6,12708,Card
71,2025-11-19,1012,28,20,49000,UPI
72,2025-05-06,1011,25,17,36312,Card
73,2025-05-01,1014,19,15,27450,Cash
74,2025-03-03,1056,9,20,22860,Card
75,2025-08-12,1016,16,15,35775,Cash
76,2025-05-09,1092,37,8,8080,Cash
77,2025-01-13,1091,26,2,2624,Cash
78,2025-10-15,1080,7,18,40788,Card
79,2025-07-21,1074,18,9,17370,Card
80,2025-12-06,1061,10,18,44766,Card
81,2025-08-25,1000,18,16,32064,Cash
82,2025-05-30,1100,15,14,32060,Cash
83,2025-06-29,1030,21,12,14040,Cash
84,2025-06-03,1016,31,19,47006,Card
85,2025-02-26,1086,2,20,39500,Card
86,2025-10-16,1035,32,9,12717,UPI
87,2025-09-30,1037,24,4,5936,UPI
88,2025-02-22,1017,37,8,13936,Cash
89,2025-10-09,1080,13,19,28196,Card
90,2025-10-21,1020,17,18,24084,UPI
91,2025-06-30,1076,34,9,10584,Card
92,2025-04-15,1025,32,18,33750,UPI
93,2025-05-09,1087,6,2,3826,Card
94,2025-07-27,1015,40,19,17898,UPI
95,2025-12-08,1080,3,18,23220,Card
96,2025-02-17,1035,27,11,14894,UPI
97,2025-06-12,1082,36,17,36431,UPI
98,2025-11-12,1037,15,15,16365,Cash
99,2025-10-08,1006,26,5,5890,Card
100,2025-02-25,1056,6,16,32864,UPI
101,2025-09-12,1071,31,5,9660,UPI
102,2025-05-12,1056,36,4,7812,UPI
103,2025-09-10,1008,22,6,9162,Cash
104,2025-11-26,1098,18,10,10250,Card
105,2025-10-21,1038,7,15,32430,Card
106,2025-09-20,1015,36,18,19314,Card
107,2025-06-02,1076,14,15,26145,UPI
108,2025-04-29,1078,18,14,28378,Cash
109,2025-01-27,1090,35,8,7840,Cash
110,2025-02-18,1024,9,9,16164,Cash
111,2025-07-23,1037,23,19,47044,Card
112,2025-06-27,1068,1,2,2074,Cash
113,2025-03-20,1013,12,15,23640,UPI
114,2025-03-22,1051,12,18,27396,Cash
115,2025-09-22,1085,9,6,8490,Cash
116,2025-02-23,1073,16,5,9555,Card
117,2025-11-22,1000,24,9,8163,Card
118,2025-02-20,1066,34,2,4912,UPI
119,2025-04-26,1022,32,1,1702,Cash
120,2025-08-28,1002,33,18,43920,UPI
121,2025-05-16,1044,27,2,2114,Card
122,2025-06-23,1032,25,14,29246,Cash
123,2025-08-16,1056,5,17,29206,Cash
124,2025-07-01,1061,11,20,29640,UPI
125,2025-04-10,1021,36,3,3165,Card
126,2025-08-19,1019,30,3,3153,UPI
127,2025-11-11,1037,40,9,13266,Card
128,2025-12-06,1007,14,8,11888,Card
129,2025-03-03,1054,28,11,14157,UPI
130,2025-05-19,1071,33,6,11514,UPI
131,2025-12-04,1043,19,8,9808,Cash
132,2025-06-01,1053,1,20,43600,Cash
133,2025-04-13,1098,6,18,25362,Cash
134,2025-04-25,1050,27,13,14144,UPI
135,2025-10-23,1035,37,18,32688,Card
136,2025-08-23,1023,7,11,16324,Cash
137,2025-04-05,1061,17,12,26544,Cash
138,2025-11-12,1095,8,3,4911,Cash
139,2025-06-01,1045,17,5,5935,Cash
140,2025-10-03,1059,4,12,12780,UPI
141,2025-01-06,1086,32,4,7028,Card
142,2025-10-01,1091,33,18,34038,Card
143,2025-12-31,1082,22,20,36240,Cash
144,2025-12-04,1067,8,1,2076,Card
145,2025-01-09,1008,13,17,27642,Card
146,2025-09-27,1047,33,14,32452,Cash
147,2025-01-31,1063,35,7,11998,Cash
148,2025-09-04,1008,36,18,26316,Cash
149,2025-04-28,1007,25,16,38944,Card
150,2025-04-11,1010,19,20,26400,Cash
151,2025-08-04,1093,2,6,9600,UPI
152,2025-07-31,1077,30,3,6885,UPI
153,2025-10-29,1043,27,17,17595,Card
154,2025-07-22,1019,14,9,11205,UPI
155,2025-10-26,1065,20,16,29024,UPI
156,2025-01-02,1058,38,1,1765,Card
157,2025-03-11,1012,27,7,7210,Cash
158,2025-04-13,1098,3,14,34748,Cash
159,2025-09-26,1083,30,11,25993,UPI
160,2025-07-11,1035,22,17,16320,UPI
161,2025-05-07,1098,21,10,22660,Card
162,2025-04-21,1012,14,11,19503,Card
163,2025-06-18,1073,31,1,2494,UPI
164,2025-03-06,1045,17,17,28696,Card
165,2025-09-29,1076,7,7,7609,Card
166,2025-02-22,1092,32,17,15810,UPI
167,2025-03-20,1077,1,12,22704,Cash
168,2025-06-21,1009,24,18,25704,Cash
169,2025-04-24,1088,12,12,17352,Card
170,2025-07-27,1037,10,3,3051,Card
171,2025-05-31,1024,39,6,7146,Card
172,2025-02-13,1091,28,4,5592,Cash
173,2025-09-26,1004,10,6,11856,Cash
174,2025-04-01,1043,35,13,32461,UPI
175,2025-03-01,1035,30,13,18993,UPI
176,2025-02-15,1055,25,4,7564,Cash
177,2025-12-22,1073,17,7,12110,Cash
178,2025-11-12,1085,36,17,23086,UPI
179,2025-10-29,1045,13,18,34830,Cash
180,2025-01-20,1022,39,16,31136,UPI
181,2025-01-19,1020,5,7,12551,UPI
182,2025-02-06,1017,5,4,4340,UPI
183,2025-01-25,1045,1,17,26622,Card
184,2025-12-03,1070,15,7,9492,Card
185,2025-10-31,1060,11,4,5656,Cash
186,2025-11-02,1049,36,10,22410,Card
187,2025-11-17,1039,20,5,6060,Card
188,2025-07-05,1071,17,6,10134,Card
189,2025-08-30,1098,14,14,18452,UPI
190,2025-10-12,1023,40,11,22429,Cash
191,2025-09-17,1088,13,16,18672,Cash
192,2025-07-26,1057,10,13,15912,UPI
193,2025-12-04,1063,15,15,17490,Card
194,2025-09-26,1058,4,2,3174,Card
195,2025-12-14,1028,37,13,12428,UPI
196,2025-09-16,1059,7,6,13608,Card
197,2025-09-06,1081,21,2,3572,UPI
198,2025-02-15,1062,11,11,11517,Cash
199,2025-08-03,1069,23,16,31168,Card
200,2025-11-17,1048,21,8,16352,Card
201,2025-06-14,1073,28,18,25056,Cash
202,2025-10-26,1043,9,9,20070,Card
203,2025-04-28,1038,31,1,1580,UPI
204,2025-01-10,1082,15,8,9128,Card
205,2025-12-18,1026,12,11,24662,Card
206,2025-08-14,1042,36,17,18258,Cash
207,2025-07-18,1003,15,10,22430,Cash
208,2025-04-23,1034,12,20,47240,UPI
209,2025-09-24,1007,34,10,22020,Card
210,2025-09-04,1019,6,13,27469,Card
211,2025-07-21,1058,8,8,10112,Card
212,2025-08-28,1052,7,12,16632,Card
213,2025-09-22,1015,27,2,3750,UPI
214,2025-05-13,1047,16,8,8000,UPI
215,2025-01-27,1011,12,2,1866,Cash
216,2025-12-26,1046,4,9,15336,Card
217,2025-11-01,1097,17,18,17514,Card
218,2025-04-18,1029,27,9,18459,UPI
219,2025-07-24,1060,10,5,8030,Cash
220,2025-09-18,1083,21,6,10800,Card
221,2025-01-17,1100,33,11,11319,Card
222,2025-07-29,1075,38,18,36828,Cash
223,2025-08-02,1047,35,13,18512,Card
224,2025-02-01,1035,6,17,29614,Cash
225,2025-01-24,1092,15,11,20218,UPI
226,2025-07-06,1097,27,3,6258,UPI
227,2025-07-21,1074,26,14,33880,Card
228,2025-10-27,1035,1,7,6342,Card
229,2025-06-06,1046,29,12,14100,UPI
230,2025-11-13,1061,35,2,2414,UPI
231,2025-11-18,1097,28,11,17578,Cash
232,2025-05-29,1075,5,11,16522,Card
233,2025-07-26,1029,2,18,32310,Card
234,2025-01-05,1044,26,14,17388,Card
235,2025-10-04,1042,31,10,24970,Cash
236,2025-07-10,1095,24,11,17292,Card
237,2025-05-01,1091,15,11,16335,UPI
238,2025-11-19,1038,21,13,31187,Card
239,2025-08-26,1089,21,8,19240,Card
240,2025-04-01,1078,27,6,5502,Card
241,2025-03-19,1010,35,8,10392,Cash
242,2025-07-28,1014,17,13,27729,UPI
243,2025-09-28,1048,5,19,22135,Cash
244,2025-01-05,1095,29,13,14001,Cash
245,2025-05-24,1017,23,15,19395,Card
246,2025-03-07,1072,21,2,4778,Card
247,2025-05-25,1018,4,11,16368,Card
248,2025-05-09,1020,29,16,37360,Cash
249,2025-12-06,1074,30,18,32058,Card
250,2025-02-04,1080,28,7,10087,Cash
251,2025-06-10,1018,22,20,43160,Cash
252,2025-10-03,1008,11,10,16230,Card
253,2025-05-19,1062,2,17,28883,Card
254,2025-01-28,1097,34,9,11970,UPI
255,2025-01-21,1037,28,9,19737,Card
256,2025-10-23,1012,29,10,23590,UPI
257,2025-05-28,1084,14,7,7595,Card
258,2025-12-28,1045,4,5,5990,UPI
259,2025-12-18,1086,39,13,20930,Card
260,2025-05-27,1073,33,11,15928,Cash
261,2025-08-22,1007,38,2,2196,Cash
262,2025-12-05,1038,16,13,13104,Card
263,2025-08-13,1024,36,3,3726,Cash
264,2025-11-30,1024,35,7,14189,Card
265,2025-08-15,1068,31,2,4588,Cash
266,2025-02-23,1008,30,17,16660,Card
267,2025-09-20,1087,36,11,19327,Cash
268,2025-07-19,1096,18,5,4855,Card
269,2025-10-16,1064,34,18,24192,UPI
270,2025-03-27,1090,32,9,12312,Card
271,2025-10-03,1064,32,4,9360,Cash
272,2025-09-19,1072,8,16,19136,Card
273,2025-12-25,1025,25,16,39184,Cash
274,2025-03-03,1090,37,3,5274,Card
275,2025-02-19,1002,33,19,35682,UPI
276,2025-12-15,1033,7,18,31518,Cash
277,2025-07-10,1021,27,15,33315,Cash
278,2025-02-17,1019,29,2,4502,UPI
279,2025-07-19,1054,26,9,15264,UPI
280,2025-04-20,1065,31,17,16167,Cash
281,2025-01-06,1078,2,4,4136,UPI
282,2025-05-13,1066,21,1,1434,Cash
283,2025-04-14,1091,15,5,11170,UPI
284,2025-05-27,1077,4,9,13959,Cash
285,2025-12-01,1081,17,5,7475,Cash
286,2025-07-28,1068,13,2,3208,UPI
287,2025-08-23,1034,26,11,10351,Cash
288,2025-03-07,1071,19,17,18462,UPI
289,2025-11-16,1038,33,20,46780,UPI
290,2025-07-07,1067,9,16,20688,Card
291,2025-03-21,1022,18,17,18173,Card
292,2025-09-19,1017,36,6,10986,UPI
293,2025-11-11,1084,11,6,6204,Card
294,2025-11-02,1066,22,18,31608,Cash
295,2025-06-10,1064,13,1,1772,Cash
296,2025-04-26,1057,40,14,18662,UPI
297,2025-06-20,1035,26,16,25872,Cash
298,2025-02-02,1064,21,12,17568,UPI
299,2025-10-19,1073,38,14,20776,Card
300,2025-09-11,1098,9,1,1352,UPI
301,2025-01-28,1077,36,17,33439,Cash
302,2025-02-03,1010,18,5,6895,Cash
303,2025-07-28,1068,37,19,23617,UPI
304,2025-01-25,1063,21,19,22686,UPI
305,2025-10-11,1025,32,13,29822,Cash
306,2025-11-24,1097,39,6,13728,Cash
307,2025-09-22,1051,13,18,33552,UPI
308,2025-09-29,1039,7,17,25432,Card
309,2025-01-29,1023,26,13,32188,UPI
310,2025-04-10,1024,30,16,30352,Card
311,2025-01-18,1097,2,13,18850,UPI
312,2025-06-03,1088,2,17,32011,UPI
313,2025-03-15,1075,8,2,3476,Card
314,2025-01-13,1091,37,11,10329,Card
315,2025-02-10,1025,23,4,6452,Cash
316,2025-11-25,1024,5,14,17710,Cash
317,2025-06-07,1094,32,9,10710,UPI
318,2025-06-15,1049,6,20,35100,Card
319,2025-08-27,1076,23,12,20280,Cash
320,2025-07-10,1033,18,12,19404,UPI
321,2025-01-08,1038,14,13,15652,Cash
322,2025-06-12,1056,17,11,12177,UPI
323,2025-03-10,1090,1,15,23520,UPI
324,2025-07-21,1089,38,20,22480,UPI
325,2025-11-19,1005,35,5,4505,UPI
326,2025-06-23,1084,26,16,16832,Card
327,2025-08-03,1036,3,4,8544,Cash
328,2025-05-19,1010,29,6,13386,Card
329,2025-01-23,1059,21,12,24648,Cash
330,2025-12-21,1068,37,2,4796,Cash
331,2025-04-02,1044,19,19,47234,UPI
332,2025-09-02,1041,9,9,18693,UPI
333,2025-06-27,1087,22,15,17250,Card
334,2025-09-08,1037,32,5,9170,Card
335,2025-10-02,1011,23,20,24320,UPI
336,2025-04-09,1083,23,16,15664,UPI
337,2025-10-17,1047,29,7,17003,Card
338,2025-03-04,1036,18,4,3704,Cash
339,2025-05-02,1096,7,20,47240,UPI
340,2025-08-25,1028,12,15,18825,Card
341,2025-04-10,1060,13,16,30624,Card
342,2025-10-29,1095,6,9,11601,Cash
343,2025-01-10,1098,2,8,17768,Card
344,2025-03-10,1005,23,18,20556,Card
345,2025-07-24,1048,11,15,27195,UPI
346,2025-09-06,1003,19,13,17992,Card
347,2025-01-07,1012,29,6,13176,UPI
348,2025-02-08,1099,6,2,2914,UPI
349,2025-01-26,1019,24,10,18440,Cash
350,2025-09-03,1028,34,18,24714,UPI
351,2025-03-07,1093,37,1,908,Card
352,2025-10-03,1098,4,6,12756,Cash
353,2025-07-15,1056,17,16,38928,Card
354,2025-03-25,1032,34,18,27198,Cash
355,2025-06-14,1100,19,5,9930,Cash
356,2025-10-18,1064,28,8,15280,Cash
357,2025-04-01,1036,24,11,13123,Cash
358,2025-05-14,1070,23,1,2153,UPI
359,2025-04-30,1029,26,17,28662,Cash
360,2025-05-28,1085,15,5,12310,Cash
361,2025-08-22,1001,5,16,23888,Card
362,2025-12-04,1053,14,6,11520,Card
363,2025-01-24,1075,4,9,12681,Cash
364,2025-02-03,1078,27,18,19710,UPI
365,2025-02-22,1016,13,1,923,UPI
366,2025-05-30,1008,34,6,13212,Cash
367,2025-07-25,1096,14,7,8449,Cash
368,2025-02-26,1096,37,8,14904,Cash
369,2025-11-27,1018,5,7,16884,Card
370,2025-04-23,1077,33,17,39474,UPI
371,2025-04-14,1056,40,18,26874,Cash
372,2025-09-29,1067,40,9,12564,Card
373,2025-02-05,1090,25,3,4494,UPI
374,2025-06-03,1025,17,7,12124,Cash
375,2025-05-25,1004,23,17,32980,UPI
376,2025-08-30,1062,33,11,17424,Cash
377,2025-08-19,1086,3,2,3426,Cash
378,2025-12-25,1075,40,8,16808,Cash
379,2025-09-21,1056,31,1,1170,UPI
380,2025-06-25,1096,8,10,22140,UPI
381,2025-02-20,1011,10,19,38817,Cash
382,2025-10-03,1057,10,6,6810,Card
383,2025-11-27,1047,6,4,9016,UPI
384,2025-09-13,1043,23,16,39264,UPI
385,2025-10-10,1072,28,16,32416,Cash
386,2025-03-11,1048,16,13,20826,Card
387,2025-12-22,1089,26,15,18360,UPI
388,2025-03-14,1043,26,13,20813,Card
389,2025-12-02,1067,35,6,11358,UPI
390,2025-01-02,1008,13,8,19584,Cash
391,2025-07-16,1064,24,5,7275,UPI
392,2025-08-08,1043,2,10,17590,Card
393,2025-04-27,1080,39,2,4608,Card
394,2025-04-27,1048,23,4,6956,UPI
395,2025-07-14,1093,7,5,8790,Card
396,2025-01-22,1058,26,1,2369,UPI
397,2025-07-26,1051,30,9,10323,Card
398,2025-06-17,1052,1,20,40700,Card
399,2025-08-08,1086,27,2,3664,Cash
400,2025-04-02,1043,7,6,12126,Card
401,2025-04-03,1013,16,12,24492,Card
402,2025-09-29,1012,14,16,35760,UPI
403,2025-03-12,1062,4,16,25696,UPI
404,2025-03-10,1021,8,8,17256,UPI
405,2025-01-17,1020,2,20,46000,UPI
406,2025-06-28,1092,22,8,17392,Card
407,2025-04-11,1054,24,4,9888,Card
408,2025-01-30,1016,25,11,13486,Card
409,2025-10-12,1075,40,8,7408,Cash
410,2025-09-30,1083,2,17,37026,UPI
411,2025-10-25,1086,2,1,2415,Card
412,2025-02-15,1018,29,3,4470,Card
413,2025-01-18,1068,4,18,17352,UPI
414,2025-01-23,1028,2,19,45562,UPI
415,2025-12-03,1099,7,15,33645,UPI
416,2025-08-10,1099,27,14,32382,Card
417,2025-04-20,1055,34,15,20625,Cash
418,2025-06-17,1033,21,12,18528,UPI
419,2025-11-22,1071,24,2,3266,UPI
420,2025-06-12,1037,39,8,19152,Card
421,2025-03-16,1071,3,14,26166,Card
422,2025-08-16,1004,24,10,19190,UPI
423,2025-07-14,1069,19,11,26708,Card
424,2025-07-18,1028,16,2,1830,Card
425,2025-08-05,1063,22,8,9504,Cash
426,2025-04-28,1059,29,6,12966,Cash
427,2025-12-13,1022,5,2,2500,Card
428,2025-03-27,1027,9,6,10422,Card
429,2025-10-29,1013,24,4,5764,Cash
430,2025-06-25,1061,28,10,13580,UPI
431,2025-01-12,1002,22,11,16082,Cash
432,2025-06-30,1090,15,13,14872,Card
433,2025-06-20,1007,17,4,7572,Cash
434,2025-03-29,1021,14,16,15664,Card
435,2025-12-26,1006,33,19,39425,Card
436,2025-07-04,1072,38,20,39440,Card
437,2025-12-31,1096,20,13,27703,Cash
438,2025-05-13,1036,30,12,18156,UPI
439,2025-04-07,1076,13,2,2006,UPI
440,2025-07-06,1026,37,1,2087,Card
441,2025-05-31,1007,21,7,7455,Card
442,2025-04-26,1083,16,4,9516,UPI
443,2025-01-15,1036,27,3,7353,Card
444,2025-04-15,1077,28,17,24803,Cash
445,2025-02-12,1028,16,20,40300,UPI
446,2025-08-14,1050,12,10,12080,Cash
447,2025-11-09,1059,27,4,6724,Cash
448,2025-09-28,1056,27,2,1910,Cash
449,2025-09-17,1000,16,14,32452,Card
450,2025-08-10,1065,6,18,23904,Cash
451,2025-09-10,1075,15,2,3664,UPI
452,2025-06-23,1041,23,11,10571,Cash
453,2025-03-17,1047,31,20,24280,Cash
454,2025-04-29,1074,36,14,13048,UPI
455,2025-03-28,1074,16,15,30690,Card
456,2025-09-02,1008,38,9,10359,Card
457,2025-10-01,1055,31,9,19377,Card
458,2025-11-08,1076,37,1,2091,Cash
459,2025-03-20,1072,1,4,8876,UPI
460,2025-04-24,1050,26,8,15000,Card
461,2025-11-20,1076,23,4,9020,Card
462,2025-01-12,1024,38,19,45638,UPI
463,2025-11-11,1081,25,2,3256,Cash
464,2025-10-09,1006,27,6,9264,UPI
465,2025-02-18,1071,19,10,20580,UPI
466,2025-02-01,1021,26,13,17641,UPI
467,2025-09-19,1072,12,17,41157,Cash
468,2025-07-02,1019,25,11,23672,Cash
469,2025-11-01,1050,38,8,11656,Cash
470,2025-06-17,1090,5,19,40527,Card
471,2025-09-28,1007,4,5,7080,UPI
472,2025-01-21,1064,36,1,1639,Card
473,2025-07-27,1092,13,13,16211,Card
474,2025-02-05,1052,5,4,9436,Card
475,2025-11-01,1094,1,18,44964,UPI
476,2025-11-16,1005,30,2,3304,UPI
477,2025-06-04,1012,12,6,10848,Card
478,2025-10-16,1095,26,4,5676,UPI
479,2025-02-21,1020,22,15,33465,UPI
480,2025-02-12,1072,26,16,35776,Cash
481,2025-02-23,1016,30,7,12278,Card
482,2025-08-06,1034,22,7,16695,Card
483,2025-09-06,1056,33,8,19176,Cash
484,2025-11-03,1058,22,7,12845,UPI
485,2025-03-09,1064,4,1,2026,UPI
486,2025-05-12,1059,20,5,8105,Cash
487,2025-01-16,1016,31,16,39504,Cash
488,2025-08-15,1022,3,15,23715,Cash
489,2025-11-24,1028,5,3,3060,Card
490,2025-11-12,1086,18,2,3642,Cash
491,2025-10-20,1006,36,7,12054,Card
492,2025-12-23,1026,15,20,48600,UPI
493,2025-12-14,1039,10,11,13134,Cash
494,2025-07-25,1031,23,18,36594,Cash
495,2025-04-17,1014,16,6,8508,Cash
496,2025-11-25,1037,13,13,32058,UPI
497,2025-11-17,1099,13,3,3531,Card
498,2025-01-04,1055,27,15,14475,Cash
499,2025-02-08,1027,40,7,9191,Cash
500,2025-01-21,1026,13,3,5814,Card
501,2025-04-17,1061,34,6,14076,Card
502,2025-10-03,1046,25,18,33462,UPI
503,2025-08-27,1042,19,3,5664,Card
504,2025-06-05,1090,20,10,11010,Card
505,2025-11-29,1081,6,13,29016,Card
506,2025-07-13,1059,24,4,5044,UPI
507,2025-11-10,1034,33,5,9440,Cash
508,2025-04-22,1077,35,13,22529,UPI
509,2025-10-25,1034,3,11,26224,Card
510,2025-11-19,1028,25,10,18950,Card
511,2025-12-22,1073,21,16,30096,Cash
512,2025-03-06,1017,4,11,13871,Cash
513,2025-07-31,1014,12,1,1803,Cash
514,2025-04-08,1064,25,4,8672,UPI
515,2025-08-17,1056,15,18,30690,Cash
516,2025-04-05,1074,30,6,14280,Card
517,2025-12-03,1059,12,10,10660,Card
518,2025-12-23,1045,9,9,10152,UPI
519,2025-12-14,1089,10,9,8442,Cash
520,2025-03-22,1024,20,4,7952,UPI
521,2025-10-30,1007,16,5,11950,Cash
522,2025-06-22,1067,23,20,30780,Cash
523,2025-07-31,1009,9,9,12159,UPI
524,2025-12-08,1097,20,10,15910,Cash
525,2025-07-07,1051,21,8,13472,UPI
526,2025-09-17,1037,1,6,14994,Cash
527,2025-12-14,1097,11,6,12246,Card
528,2025-07-01,1010,36,7,11228,Cash
529,2025-04-05,1007,13,5,9980,UPI
530,2025-01-20,1040,4,3,5817,UPI
531,2025-09-05,1045,11,2,4036,Card
532,2025-08-08,1057,26,6,14064,Card
533,2025-09-04,1066,39,18,36162,Card
534,2025-03-03,1009,1,12,26880,UPI
535,2025-01-11,1048,12,8,10920,Card
536,2025-03-26,1062,11,11,9922,Card
537,2025-01-13,1018,4,1,1540,Cash
538,2025-07-25,1006,3,18,19548,Cash
539,2025-03-20,1096,26,19,33915,UPI
540,2025-09-20,1022,34,14,13440,Cash
541,2025-04-27,1099,30,13,22698,UPI
542,2025-03-27,1005,34,10,12850,Card
543,2025-10-17,1032,27,4,9096,Card
544,2025-05-22,1065,16,3,5754,UPI
545,2025-05-11,1005,31,8,7816,UPI
546,2025-12-30,1036,10,12,27852,UPI
547,2025-06-23,1068,17,12,27084,UPI
548,2025-05-31,1081,13,18,24606,UPI
549,2025-03-02,1018,18,3,6405,Cash
550,2025-09-07,1056,31,7,11417,UPI
551,2025-10-01,1047,16,14,13566,Cash
552,2025-11-26,1001,33,9,8838,Card
553,2025-11-19,1010,13,10,24110,UPI
554,2025-04-13,1063,21,20,31020,Card
555,2025-11-06,1037,2,2,3174,UPI
556,2025-07-04,1080,38,2,2390,Cash
557,2025-03-03,1074,8,5,9090,Card
558,2025-08-16,1047,3,10,23230,Card
559,2025-03-09,1056,8,12,16356,Card
560,2025-01-07,1089,31,6,6444,Card
561,2025-09-28,1068,12,3,4434,Cash
562,2025-01-25,1071,26,7,12957,Card
563,2025-03-10,1029,12,2,1818,Cash
564,2025-08-24,1072,36,6,6024,Cash
565,2025-09-30,1073,29,10,16680,Cash
566,2025-08-25,1067,11,5,7290,Cash
567,2025-07-16,1064,34,10,13800,Cash
568,2025-10-06,1052,37,9,20997,Card
569,2025-05-19,1066,28,16,24336,Card
570,2025-05-17,1085,3,7,15512,UPI
571,2025-12-21,1062,33,16,15552,Cash
572,2025-03-08,1058,23,5,8595,Card
573,2025-03-26,1079,5,16,22464,Card
574,2025-03-04,1082,26,11,14619,Card
575,2025-02-06,1096,7,15,19620,Cash
576,2025-03-07,1072,40,12,22944,UPI
577,2025-01-01,1098,36,15,16995,Cash
578,2025-06-28,1038,23,6,5490,Cash
579,2025-03-20,1023,6,15,22545,UPI
580,2025-01-28,1051,22,18,40932,Cash
581,2025-08-16,1076,26,8,9528,Cash
582,2025-02-24,1045,26,20,27220,Card
583,2025-01-12,1058,9,4,8564,UPI
584,2025-05-29,1036,39,3,7227,Card
585,2025-12-30,1077,25,19,33478,UPI
586,2025-09-08,1047,21,14,23940,UPI
587,2025-10-14,1086,7,2,4736,UPI
588,2025-02-05,1061,38,17,31008,Card
589,2025-04-29,1061,5,7,16996,Card
590,2025-07-24,1062,1,8,16432,Card
591,2025-04-17,1007,10,4,8584,Cash
592,2025-03-10,1089,29,4,4668,UPI
593,2025-04-20,1093,15,6,11274,Card
594,2025-03-01,1035,34,14,22456,UPI
595,2025-08-24,1036,26,1,2281,Cash
596,2025-09-16,1001,15,9,22356,UPI
597,2025-01-16,1041,31,1,1000,UPI
598,2025-02-27,1078,29,2,2564,UPI
599,2025-11-21,1077,16,10,23190,Cash
600,2025-10-03,1058,19,4,8108,UPI
601,2025-12-14,1045,7,2,3496,Card
602,2025-02-05,1092,9,16,29088,Cash
603,2025-08-13,1077,5,16,37920,Cash
604,2025-06-09,1099,18,4,5680,Card
605,2025-06-19,1041,21,18,42786,Card
606,2025-10-03,1027,19,6,5400,Cash
607,2025-10-30,1014,37,17,40273,UPI
608,2025-09-07,1095,6,5,9825,UPI
609,2025-01-23,1091,30,15,14955,Card
610,2025-08-30,1081,13,3,5259,Cash
611,2025-05-05,1009,1,14,14392,UPI
612,2025-01-22,1048,20,8,15048,Cash
613,2025-10-01,1042,20,10,15250,Cash
614,2025-08-20,1006,31,15,15630,Cash
615,2025-08-06,1012,7,2,3816,Card
616,2025-01-12,1027,32,3,6216,UPI
617,2025-05-17,1021,30,1,2359,Card
618,2025-08-22,1014,39,5,11330,Cash
619,2025-09-05,1009,20,16,33072,UPI
620,2025-12-08,1037,1,10,13640,Cash
621,2025-08-21,1020,17,9,18801,UPI
622,2025-01-25,1054,25,16,25840,Card
623,2025-04-26,1037,15,20,36760,UPI
624,2025-12-28,1046,19,11,13882,Cash
625,2025-01-21,1069,7,7,15883,Cash
626,2025-01-19,1078,2,2,3338,Card
627,2025-03-07,1028,37,7,12929,UPI
628,2025-03-02,1041,30,7,16940,UPI
629,2025-03-13,1002,29,12,16620,Card
630,2025-01-11,1067,34,7,13524,UPI
631,2025-04-12,1000,22,5,8930,Cash
632,2025-03-25,1039,4,10,12240,Cash
633,2025-01-18,1058,13,2,4546,UPI
634,2025-01-23,1031,26,17,20485,UPI
635,2025-08-11,1032,32,9,15750,UPI
636,2025-10-04,1000,1,11,20163,Cash
637,2025-05-13,1038,25,16,22704,Card
638,2025-12-10,1032,18,7,7077,Cash
639,2025-01-02,1086,5,3,6303,Cash
640,2025-03-27,1031,9,3,7362,Cash
641,2025-03-20,1028,8,3,3168,UPI
642,2025-10-01,1026,37,17,24633,Cash
643,2025-01-20,1005,14,13,16289,UPI
644,2025-03-02,1060,36,5,11735,Card
645,2025-03-07,1066,20,19,32205,UPI
646,2025-01-24,1088,33,1,1168,Cash
647,2025-03-12,1042,32,17,36601,Card
648,2025-09-08,1099,29,15,13755,UPI
649,2025-01-17,1041,24,20,40600,UPI
650,2025-10-25,1076,2,10,9260,Card
651,2025-05-18,1015,16,15,27585,UPI
652,2025-10-19,1073,19,12,24156,Cash
653,2025-08-17,1001,30,17,30430,UPI
654,2025-11-06,1003,36,4,4304,Card
655,2025-11-29,1090,25,17,36346,Card
656,2025-08-25,1016,9,19,27569,Card
657,2025-08-07,1094,35,4,9120,UPI
658,2025-12-29,1071,17,14,26530,Cash
659,2025-05-11,1059,1,5,4820,Cash
660,2025-07-06,1034,32,14,13776,Card
661,2025-01-21,1031,35,17,42449,Card
662,2025-11-13,1025,10,17,42262,UPI
663,2025-07-13,1045,22,20,25820,Card
664,2025-10-29,1042,34,7,6825,UPI
665,2025-02-23,1075,35,18,19062,Card
666,2025-02-19,1076,9,3,3384,Cash
667,2025-10-19,1039,38,3,5328,Card
668,2025-03-03,1027,28,7,13993,Cash
669,2025-08-10,1066,30,9,19395,Cash
670,2025-11-20,1095,10,18,38358,Card
671,2025-08-23,1067,21,1,901,UPI
672,2025-04-20,1024,17,5,11845,Card
673,2025-03-01,1013,3,7,8190,Card
674,2025-12-01,1029,27,19,17195,Card
675,2025-01-10,1025,14,14,21252,Cash
676,2025-12-14,1100,29,13,21762,UPI
677,2025-04-28,1060,6,13,26806,UPI
678,2025-04-09,1018,34,16,37568,Card
679,2025-03-01,1032,6,17,30498,Card
680,2025-04-26,1081,37,10,19700,UPI
681,2025-01-09,1091,21,8,12392,Cash
682,2025-08-09,1086,38,18,26586,Cash
683,2025-01-23,1070,17,2,3716,UPI
684,2025-11-17,1076,39,6,14250,Card
685,2025-10-13,1007,30,2,2462,UPI
686,2025-05-07,1055,29,19,40375,Cash
687,2025-08-14,1001,1,12,25608,Cash
688,2025-10-05,1091,33,7,15477,UPI
689,2025-10-31,1032,25,18,30708,UPI
690,2025-12-26,1051,17,17,34765,Card
691,2025-12-19,1007,36,15,24735,Card
692,2025-06-12,1072,35,12,22104,UPI
693,2025-08-15,1098,25,8,11640,Cash
694,2025-09-06,1035,34,11,10505,Cash
695,2025-07-14,1091,40,12,11628,UPI
696,2025-01-29,1029,11,4,4796,UPI
697,2025-10-29,1088,32,6,12696,Cash
698,2025-06-04,1087,9,17,27455,Card
699,2025-01-03,1057,25,12,28140,Cash
700,2025-03-24,1064,2,4,6072,UPI
701,2025-02-12,1079,9,3,3372,Card
702,2025-06-30,1074,16,6,12246,Cash
703,2025-07-27,1049,9,5,11140,UPI
704,2025-03-10,1021,35,11,26818,Cash
705,2025-05-24,1050,10,9,10521,UPI
706,2025-01-15,1030,23,7,6321,Cash
707,2025-04-12,1002,21,10,11960,UPI
708,2025-12-22,1059,20,2,3292,UPI
709,2025-08-10,1064,15,3,3771,UPI
710,2025-12-20,1043,6,11,19415,Cash
711,2025-07-11,1100,14,4,8780,Card
712,2025-03-27,1092,19,2,3190,Cash
713,2025-08-04,1020,27,9,16965,Card
714,2025-06-26,1033,1,8,17488,Card
715,2025-06-08,1082,18,18,22824,Card
716,2025-11-02,1041,34,5,7880,UPI
717,2025-02-13,1086,35,4,5852,Card
718,2025-08-26,1080,37,1,2380,Card
719,2025-07-03,1037,13,16,18480,Card
720,2025-04-26,1056,10,7,14952,UPI
721,2025-04-04,1081,2,5,5125,Cash
722,2025-12-12,1073,38,7,10934,UPI
723,2025-12-25,1026,34,16,36768,Cash
724,2025-04-07,1047,14,4,5092,UPI
725,2025-09-30,1088,36,13,14196,Cash
726,2025-07-03,1054,23,19,45600,Card
727,2025-04-08,1066,33,15,29985,Cash
728,2025-01-26,1023,37,13,24739,Cash
729,2025-11-12,1092,8,2,2432,Card
730,2025-06-23,1037,37,7,7385,Card
731,2025-09-29,1084,39,16,24576,Card
732,2025-04-13,1067,26,11,25674,Cash
733,2025-03-25,1044,29,11,23507,UPI
734,2025-08-02,1081,38,4,8224,Cash
735,2025-04-19,1019,17,5,11195,Cash
736,2025-08-03,1008,11,17,36244,Card
737,2025-09-19,1011,14,1,1279,Card
738,2025-08-30,1049,16,4,8480,Card
739,2025-04-01,1050,17,1,2484,Card
740,2025-11-16,1016,3,20,20260,Card
741,2025-06-20,1095,33,4,7856,Cash
742,2025-10-24,1052,13,5,5830,Card
743,2025-03-20,1099,10,9,9891,Cash
744,2025-01-28,1027,12,9,16560,Card
745,2025-05-08,1041,8,8,19488,Card
746,2025-09-06,1019,18,10,21000,Card
747,2025-07-29,1092,23,12,17856,Cash
748,2025-02-23,1054,32,10,18770,Card
749,2025-07-11,1088,34,12,15228,Cash
750,2025-12-22,1021,35,10,23020,Card
751,2025-07-11,1015,19,2,2128,UPI
752,2025-08-03,1038,28,1,1650,Cash
753,2025-02-22,1036,13,13,11843,Card
754,2025-05-19,1038,15,8,13624,Cash
755,2025-10-03,1100,18,16,29888,Cash
756,2025-09-06,1022,6,19,31103,Cash
757,2025-02-04,1034,34,14,34860,Cash
758,2025-08-29,1031,37,10,23220,UPI
759,2025-09-09,1006,39,7,15988,Card
760,2025-07-29,1014,19,9,18918,UPI
761,2025-04-16,1076,10,11,13739,Cash
762,2025-10-27,1092,26,15,26790,Card
763,2025-02-15,1005,11,7,9093,UPI
764,2025-05-29,1044,11,19,29203,Card
765,2025-05-17,1011,19,18,22194,Card
766,2025-03-07,1044,31,4,3660,Cash
767,2025-08-08,1027,39,13,30667,Cash
768,2025-10-21,1011,30,3,2808,UPI
769,2025-11-04,1068,26,15,15255,UPI
770,2025-02-19,1066,29,17,32436,UPI
771,2025-12-15,1019,3,19,47424,UPI
772,2025-10-19,1093,10,12,23316,Card
773,2025-12-09,1041,34,8,9224,Cash
774,2025-04-14,1053,5,6,9216,Card
775,2025-11-02,1019,24,18,20214,UPI
776,2025-11-12,1017,5,3,6000,Cash
777,2025-12-11,1060,21,14,32452,Cash
778,2025-10-22,1060,23,3,6663,UPI
779,2025-12-09,1006,1,2,3196,Card
780,2025-05-31,1093,37,8,14744,Cash
781,2025-05-19,1076,24,14,32312,Cash
782,2025-02-11,1049,17,4,8176,Cash
783,2025-02-02,1033,12,20,34080,UPI
784,2025-11-27,1025,27,6,8346,Card
785,2025-04-10,1020,32,7,9072,Card
786,2025-04-19,1006,7,9,19647,Cash
787,2025-10-18,1019,12,3,2961,UPI
788,2025-12-31,1047,31,1,1533,UPI
789,2025-06-19,1078,11,11,17930,UPI
790,2025-03-04,1079,13,3,5217,UPI
791,2025-06-22,1006,29,12,21816,Card
792,2025-09-18,1039,27,18,23994,Cash
793,2025-11-06,1080,2,2,4994,UPI
794,2025-10-01,1030,27,11,27005,Cash
795,2025-12-24,1026,18,9,16011,Cash
796,2025-06-17,1079,12,4,5612,UPI
797,2025-10-24,1085,24,20,21660,Cash
798,2025-11-10,1006,24,4,8644,Card
799,2025-07-28,1088,32,8,9504,Card
800,2025-11-26,1013,10,16,19136,UPI
801,2025-06-03,1038,22,19,18354,UPI
802,2025-04-08,1069,8,15,18165,UPI
803,2025-11-29,1004,38,20,21420,Card
804,2025-04-01,1072,25,5,10895,UPI
805,2025-11-05,1092,18,13,21619,UPI
806,2025-12-13,1057,32,11,15950,Card
807,2025-06-02,1056,37,19,23921,Card
808,2025-01-12,1023,4,5,5250,Card
809,2025-08-18,1059,38,1,1449,Card
810,2025-06-02,1025,19,18,33444,Card
811,2025-07-23,1012,22,1,2250,UPI
812,2025-04-30,1054,36,20,44940,UPI
813,2025-02-12,1058,2,1,1949,Card
814,2025-05-19,1033,3,6,8310,Card
815,2025-01-13,1094,40,12,23436,Card
816,2025-10-12,1074,7,17,35938,Cash
817,2025-10-05,1009,19,16,24128,Cash
818,2025-03-18,1008,7,16,29488,Card
819,2025-04-12,1069,12,4,7112,UPI
820,2025-04-25,1068,2,3,3546,UPI
821,2025-11-20,1041,1,5,7625,Card
822,2025-12-25,1005,26,19,26277,UPI
823,2025-10-20,1082,31,19,34200,UPI
824,2025-09-13,1013,26,18,22824,UPI
825,2025-09-28,1085,12,5,11530,Cash
826,2025-03-01,1069,39,10,23580,UPI
827,2025-08-20,1088,36,2,2006,UPI
828,2025-08-20,1022,27,11,17138,Card
829,2025-04-26,1007,28,7,10829,Card
830,2025-01-01,1012,12,2,2544,UPI
831,2025-07-06,1056,19,2,2936,UPI
832,2025-09-03,1011,24,17,28594,Cash
833,2025-08-25,1058,4,10,18060,UPI
834,2025-10-20,1024,5,8,12608,Cash
835,2025-04-12,1017,31,6,9906,Cash
836,2025-04-01,1085,12,1,2226,UPI
837,2025-08-08,1081,26,6,7536,Cash
838,2025-11-23,1009,4,3,3732,Cash
839,2025-04-21,1008,24,12,11340,Card
840,2025-09-30,1095,4,20,24800,Cash
841,2025-07-18,1039,37,5,7800,Cash
842,2025-07-03,1046,36,16,25744,Cash
843,2025-11-04,1009,3,10,19550,Cash
844,2025-04-22,1016,26,2,4788,UPI
845,2025-03-22,1082,23,7,7581,Card
846,2025-06-17,1052,28,10,19820,Cash
847,2025-05-31,1045,35,11,13365,Cash
848,2025-10-23,1084,23,18,25650,Cash
849,2025-05-23,1095,33,19,33440,UPI
850,2025-05-15,1017,29,15,36990,UPI
851,2025-03-10,1011,37,13,29211,Cash
852,2025-05-01,1021,21,12,15180,UPI
853,2025-08-09,1096,39,13,19981,Cash
854,2025-09-03,1034,31,6,8898,UPI
855,2025-04-16,1073,22,9,12321,UPI
856,2025-09-21,1003,29,14,26068,UPI
857,2025-09-23,1056,20,11,14091,Card
858,2025-09-13,1085,29,3,6183,Cash
859,2025-12-03,1090,17,20,38100,UPI
860,2025-07-21,1031,8,9,15669,Card
861,2025-01-07,1048,20,11,22561,Cash
862,2025-05-28,1081,26,5,9225,Card
863,2025-01-14,1046,11,14,15680,Cash
864,2025-09-01,1002,18,9,10899,Cash
865,2025-08-08,1054,25,2,1924,Card
866,2025-02-12,1015,33,20,23860,UPI
867,2025-10-31,1012,28,10,24540,UPI
868,2025-10-03,1052,2,16,30976,Cash
869,2025-03-04,1030,1,5,9510,Cash
870,2025-09-11,1037,7,15,20160,UPI
871,2025-06-11,1007,27,5,7635,Card
872,2025-12-24,1030,20,10,21940,Card
873,2025-11-30,1057,14,10,10960,UPI
874,2025-06-11,1044,15,13,16770,UPI
875,2025-12-21,1090,4,10,18450,UPI
876,2025-02-03,1063,25,8,13640,UPI
877,2025-09-14,1046,40,4,5228,UPI
878,2025-01-06,1033,13,15,36345,UPI
879,2025-04-07,1093,15,14,13398,Card
880,2025-03-19,1046,8,17,23103,UPI
881,2025-12-28,1035,12,5,6435,Card
882,2025-03-02,1086,24,7,12271,Cash
883,2025-01-21,1074,17,2,3742,Cash
884,2025-07-11,1041,7,13,16692,Cash
885,2025-03-31,1088,20,19,40375,UPI
886,2025-01-02,1044,1,1,1402,Card
887,2025-04-08,1062,39,7,6951,Card
888,2025-12-27,1043,23,16,25392,UPI
889,2025-07-10,1011,4,15,16785,Card
890,2025-04-25,1087,14,14,28896,UPI
891,2025-08-29,1050,12,19,41097,UPI
892,2025-06-24,1000,11,4,4056,Cash
893,2025-07-03,1033,5,17,37859,Cash
894,2025-05-19,1071,12,16,21440,UPI
895,2025-08-01,1000,27,10,16450,UPI
896,2025-02-18,1002,28,12,27696,Cash
897,2025-02-23,1089,5,9,16992,UPI
898,2025-07-22,1096,9,9,20160,UPI
899,2025-06-23,1064,1,4,6776,Cash
900,2025-09-23,1059,17,8,13176,UPI
901,2025-02-25,1024,40,7,10458,UPI
902,2025-12-31,1086,39,16,27408,UPI
903,2025-03-08,1010,16,7,9051,UPI
904,2025-04-09,1066,29,3,3366,UPI
905,2025-06-16,1021,34,14,31094,Card
906,2025-04-11,1017,14,3,5538,UPI
907,2025-04-14,1032,15,6,13524,Card
908,2025-03-31,1058,22,3,5907,Cash
909,2025-05-23,1079,20,13,23868,Cash
910,2025-09-04,1087,1,13,18707,UPI
911,2025-11-05,1058,34,6,7512,Cash
912,2025-05-11,1055,28,14,21070,Card
913,2025-02-09,1027,39,8,16096,Card
914,2025-08-30,1005,2,13,22841,Card
915,2025-08-12,1033,33,6,13806,Cash
916,2025-11-17,1052,9,20,39040,UPI
917,2025-08-25,1074,17,13,22724,Card
918,2025-10-03,1012,39,9,19035,UPI
919,2025-08-17,1017,30,12,18804,Card
920,2025-07-06,1022,39,6,11328,Cash
921,2025-05-03,1022,2,7,12425,UPI
922,2025-06-06,1038,8,2,3312,Card
923,2025-06-13,1041,29,14,34160,Card
924,2025-12-30,1032,2,17,37400,Cash
925,2025-10-13,1006,14,7,13923,UPI
926,2025-11-07,1016,36,16,35952,UPI
927,2025-12-08,1039,10,1,2358,Cash
928,2025-10-14,1021,26,2,4084,UPI
929,2025-11-11,1066,39,16,27808,Cash
930,2025-02-10,1088,39,15,27405,UPI
931,2025-04-08,1073,12,7,16793,UPI
932,2025-10-05,1090,26,17,35173,UPI
933,2025-01-16,1026,40,3,7329,Card
934,2025-08-28,1075,28,14,24304,Cash
935,2025-03-29,1064,13,6,14610,Card
936,2025-11-18,1014,31,8,7472,Card
937,2025-06-13,1073,28,14,22652,UPI
938,2025-10-22,1071,11,8,18016,Cash
939,2025-12-28,1077,4,10,18460,Card
940,2025-07-28,1074,6,20,39320,Cash
941,2025-06-22,1028,37,17,23596,Cash
942,2025-01-14,1032,40,8,9648,Cash
943,2025-10-27,1011,36,7,6769,UPI
944,2025-02-27,1046,7,10,20760,Card
945,2025-04-30,1044,36,12,15108,Cash
946,2025-10-09,1087,13,16,18048,UPI
947,2025-07-20,1083,2,7,14315,Cash
948,2025-01-02,1100,13,11,13717,UPI
949,2025-04-10,1016,9,8,10296,UPI
950,2025-09-12,1000,7,18,29016,Cash
951,2025-07-23,1075,37,4,4476,UPI
952,2025-07-29,1072,16,5,11630,Cash
953,2025-09-07,1015,36,8,12872,Card
954,2025-02-24,1002,23,11,14608,Card
955,2025-12-01,1084,2,16,15680,UPI
956,2025-11-23,1062,37,9,14193,Cash
957,2025-01-16,1000,25,4,9780,Cash
958,2025-07-05,1053,9,19,32927,Card
959,2025-08-30,1081,28,5,9420,UPI
960,2025-05-09,1077,14,9,8379,Cash
961,2025-02-24,1091,16,2,4220,Cash
962,2025-06-04,1005,8,1,1038,UPI
963,2025-02-17,1040,36,19,39292,Card
964,2025-01-30,1057,18,9,12411,UPI
965,2025-11-19,1038,22,7,12467,Cash
966,2025-01-28,1003,34,11,25025,Card
967,2025-02-19,1058,35,5,6305,UPI
968,2025-07-25,1087,27,19,21413,Card
969,2025-11-19,1090,36,4,7300,UPI
970,2025-03-23,1049,21,9,21006,Cash
971,2025-11-24,1002,20,1,947,UPI
972,2025-04-28,1035,20,12,17040,UPI
973,2025-12-12,1019,23,6,7434,UPI
974,2025-11-09,1001,2,15,17235,Card
975,2025-10-19,1100,5,4,7584,UPI
976,2025-02-21,1026,31,4,8044,Card
977,2025-07-22,1036,5,4,4452,Card
978,2025-08-24,1025,12,12,11844,Card
979,2025-01-25,1092,28,13,28808,Cash
980,2025-02-01,1053,13,17,22151,Cash
981,2025-09-10,1023,39,1,939,Card
982,2025-06-19,1072,3,12,18984,UPI
983,2025-08-21,1073,5,1,2094,UPI
984,2025-11-12,1040,6,5,12175,Cash
985,2025-01-02,1090,23,1,1055,Cash
986,2025-07-10,1022,22,11,20702,Card
987,2025-10-22,1037,17,17,36754,UPI
988,2025-06-02,1057,5,18,32616,Card
989,2025-07-02,1000,17,7,7021,Card
990,2025-06-20,1058,8,8,12864,Cash
991,2025-04-19,1070,9,4,7216,UPI
992,2025-09-24,1034,22,5,7765,Card
993,2025-07-06,1030,18,4,7260,Cash
994,2025-06-19,1063,33,9,21492,Card
995,2025-06-01,1076,5,2,2118,UPI
996,2025-07-16,1065,5,17,16048,Cash
997,2025-10-31,1098,31,2,4484,Card
998,2025-03-25,1084,7,14,18802,UPI
999,2025-11-25,1076,15,12,20412,Card
1000,2025-02-26,1055,24,1,2272,Cash
1001,2025-12-27,1056,26,1,1446,Card
1002,2025-10-31,1086,6,6,10872,Cash
1003,2025-07-24,1081,20,12,21768,Cash
1004,2025-10-06,1096,38,17,37587,Card
1005,2025-09-02,1018,15,8,15640,Card
1006,2025-11-23,1014,34,17,40443,Card
1007,2025-04-16,1021,3,5,8530,Cash
1008,2025-03-01,1033,11,5,7350,UPI
1009,2025-09-19,1067,17,8,12136,UPI
1010,2025-10-19,1059,21,4,8488,Cash
1011,2025-10-28,1067,21,14,33320,Cash
1012,2025-02-04,1075,36,9,21150,Cash
1013,2025-06-12,1015,40,8,16640,Cash
1014,2025-09-24,1091,21,18,36558,Cash
1015,2025-08-29,1005,40,5,10190,Cash
1016,2025-07-30,1061,28,4,8980,Cash
1017,2025-04-18,1079,30,20,33240,Card
1018,2025-12-09,1095,33,15,28920,Card
1019,2025-11-16,1005,17,17,32436,UPI
1020,2025-01-26,1074,33,19,33269,Cash
1021,2025-01-15,1035,1,5,9565,Cash
1022,2025-03-25,1019,23,19,39140,Card
1023,2025-02-11,1010,9,16,15472,UPI
1024,2025-03-11,1043,30,6,9222,Cash
1025,2025-04-14,1039,8,1,1084,Cash
1026,2025-10-22,1058,20,13,19006,UPI
1027,2025-09-12,1064,20,6,6336,Cash
1028,2025-05-24,1032,38,10,18250,Cash
1029,2025-01-08,1062,24,13,23504,Card
1030,2025-02-24,1100,6,18,39276,UPI
1031,2025-09-15,1014,26,4,5844,Cash
1032,2025-01-01,1000,34,7,10640,UPI
1033,2025-06-19,1037,21,10,18920,Card
1034,2025-09-02,1019,25,6,8292,UPI
1035,2025-06-26,1062,30,14,29876,Card
1036,2025-01-04,1001,22,17,20230,Cash
1037,2025-02-16,1096,30,19,34941,Cash
1038,2025-04-11,1001,21,17,33252,UPI
1039,2025-11-23,1006,1,8,9632,Cash
1040,2025-01-17,1086,21,4,6600,Card
1041,2025-03-15,1061,11,2,4546,Cash
1042,2025-10-12,1000,7,2,2764,UPI
1043,2025-01-11,1089,34,15,17100,Cash
1044,2025-04-06,1082,19,8,15064,Cash
1045,2025-05-22,1081,35,8,8792,UPI
1046,2025-03-17,1069,21,12,13140,Cash
1047,2025-03-09,1051,6,1,1395,Cash
1048,2025-12-10,1076,22,17,26537,Cash
1049,2025-03-21,1092,24,1,1871,Card
1050,2025-04-25,1040,37,17,35700,Cash
1051,2025-05-01,1037,1,6,5814,Card
1052,2025-07-17,1013,15,19,46721,Cash
1053,2025-05-05,1084,39,14,27076,Card
1054,2025-04-05,1087,26,4,4048,Cash
1055,2025-10-29,1005,38,10,20230,Cash
1056,2025-11-27,1083,17,15,18015,Card
1057,2025-01-24,1044,21,13,19279,Cash
1058,2025-10-12,1048,10,14,34062,UPI
1059,2025-09-11,1032,22,8,10424,Cash
1060,2025-10-22,1069,25,11,20647,UPI
1061,2025-10-07,1011,14,13,22087,Cash
1062,2025-02-22,1026,23,19,29887,Card
1063,2025-04-24,1096,18,6,8040,Card
1064,2025-06-24,1048,13,4,8056,UPI
1065,2025-05-26,1043,19,12,29760,UPI
1066,2025-02-26,1005,16,18,31644,Cash
1067,2025-02-13,1074,23,16,18896,UPI
1068,2025-04-11,1020,6,2,4558,Card
1069,2025-01-01,1003,35,14,13832,Card
1070,2025-07-31,1046,32,3,6408,Cash
1071,2025-11-26,1062,27,1,1351,Card
1072,2025-03-19,1031,27,1,1736,UPI
1073,2025-03-29,1036,12,18,34524,Cash
1074,2025-01-05,1049,27,4,9000,UPI
1075,2025-11-25,1010,3,6,6204,Card
1076,2025-12-20,1012,19,1,1990,Card
1077,2025-05-26,1016,19,2,1992,Card
1078,2025-03-12,1078,30,14,34384,UPI
1079,2025-08-30,1070,4,19,32395,UPI
1080,2025-08-21,1058,38,14,13678,Card
1081,2025-12-30,1062,10,4,4192,Cash
1082,2025-06-11,1079,1,9,22239,Card
1083,2025-08-20,1028,36,15,34380,UPI
1084,2025-12-27,1044,4,12,28944,Cash
1085,2025-07-27,1024,23,6,12390,Card
1086,2025-06-26,1071,21,7,17115,Cash
1087,2025-12-05,1041,26,3,5559,Cash
1088,2025-12-28,1081,3,15,30060,UPI
1089,2025-07-03,1002,22,10,12190,Card
1090,2025-09-20,1079,11,19,45296,Card
1091,2025-01-13,1049,15,13,17173,Card
1092,2025-03-25,1015,10,14,13972,UPI
1093,2025-02-06,1053,40,4,8740,Cash
1094,2025-12-04,1062,20,16,23216,UPI
1095,2025-05-20,1045,9,14,34538,Cash
1096,2025-06-23,1060,10,10,19900,Card
1097,2025-01-18,1055,13,6,5796,Card
1098,2025-02-03,1003,8,2,3586,UPI
1099,2025-04-14,1037,11,16,16832,Card
1100,2025-04-16,1016,12,14,17416,Cash
1101,2025-01-30,1076,22,18,39978,Cash
1102,2025-06-07,1035,15,17,20961,Cash
1103,2025-02-06,1031,10,12,26292,Card
1104,2025-02-04,1040,15,6,12882,Card
1105,2025-01-06,1026,22,4,7360,Card
1106,2025-07-06,1070,1,7,7035,Cash
1107,2025-06-22,1032,19,13,31564,UPI
1108,2025-05-15,1074,3,2,1920,UPI
1109,2025-12-01,1048,2,13,14586,Card
1110,2025-09-15,1082,33,8,12112,Cash
1111,2025-07-17,1030,2,13,17420,Card
1112,2025-06-21,1034,8,19,20843,Card
1113,2025-05-05,1063,12,20,36600,Card
1114,2025-03-23,1023,39,5,4870,Card
1115,2025-11-14,1050,8,6,14754,Cash
1116,2025-01-17,1086,22,11,13651,UPI
1117,2025-08-10,1069,6,3,6162,Card
1118,2025-12-03,1017,10,18,23616,Card
1119,2025-09-01,1007,26,2,3586,UPI
1120,2025-09-08,1040,4,8,19384,Cash
1121,2025-07-30,1007,36,11,16203,UPI
1122,2025-08-21,1095,5,10,18750,Cash
1123,2025-10-23,1075,14,4,5404,Card
1124,2025-02-28,1078,20,1,1595,Cash
1125,2025-04-09,1070,12,14,29484,UPI
1126,2025-11-02,1002,18,1,1607,UPI
1127,2025-03-17,1081,24,8,17376,UPI
1128,2025-11-15,1037,11,2,4484,UPI
1129,2025-11-18,1076,39,19,39558,Card
1130,2025-03-15,1010,16,5,8445,UPI
1131,2025-04-12,1038,18,8,9352,Cash
1132,2025-10-31,1015,21,15,28050,Cash
1133,2025-08-28,1023,26,14,30814,Card
1134,2025-05-11,1069,20,20,24820,UPI
1135,2025-08-11,1097,1,1,2387,Card
1136,2025-11-25,1080,14,13,13377,UPI
1137,2025-12-11,1093,11,16,28272,Cash
1138,2025-11-20,1077,20,11,13772,UPI
1139,2025-08-03,1054,14,14,14868,UPI
1140,2025-12-07,1093,33,5,7240,UPI
1141,2025-11-11,1054,38,10,9660,Card
1142,2025-01-01,1021,30,19,36803,Card
1143,2025-07-08,1088,31,17,40443,Card
1144,2025-01-01,1031,1,7,9492,Card
1145,2025-05-10,1017,5,20,38960,Card
1146,2025-06-15,1051,32,19,27721,Card
1147,2025-08-04,1098,23,16,19856,Card
1148,2025-04-01,1100,7,2,4814,Cash
1149,2025-11-25,1000,40,4,6600,Card
1150,2025-11-05,1065,16,6,8910,Card
1151,2025-08-29,1052,8,8,14080,Card
1152,2025-08-20,1096,38,12,17580,Cash
1153,2025-03-25,1041,27,3,7269,Card
1154,2025-05-26,1035,39,15,28380,UPI
1155,2025-07-06,1076,8,10,17210,UPI
1156,2025-11-25,1005,9,6,13794,Cash
1157,2025-09-01,1100,1,15,28545,Card
1158,2025-10-20,1075,14,5,9480,Cash
1159,2025-02-03,1051,17,7,7399,Cash
1160,2025-07-01,1075,22,10,17930,UPI
1161,2025-04-09,1063,29,15,23250,Cash
1162,2025-02-21,1040,6,9,8541,UPI
1163,2025-05-23,1096,29,13,29692,UPI
1164,2025-02-07,1004,11,6,13770,Card
1165,2025-03-04,1023,37,18,25884,Cash
1166,2025-10-09,1098,38,3,6894,UPI
1167,2025-04-09,1005,22,20,19520,Card
1168,2025-10-03,1010,21,19,41705,UPI
1169,2025-06-29,1073,7,17,39321,Cash
1170,2025-12-07,1048,33,2,2048,UPI
1171,2025-11-13,1073,39,15,21855,UPI
1172,2025-07-11,1072,25,4,5992,Card
1173,2025-02-05,1061,4,20,30500,UPI
1174,2025-05-10,1028,10,2,2950,Cash
1175,2025-02-05,1002,31,13,22984,Card
1176,2025-09-29,1040,20,11,15620,Card
1177,2025-07-25,1070,2,19,44536,UPI
1178,2025-03-24,1033,24,1,1386,Card
1179,2025-10-22,1063,29,6,6294,Card
1180,2025-03-24,1053,37,5,6100,UPI
1181,2025-05-13,1098,40,9,16497,UPI
1182,2025-03-23,1100,30,20,28460,Card
1183,2025-05-27,1021,27,6,12540,Card
1184,2025-05-23,1021,24,11,19316,UPI
1185,2025-02-20,1091,3,2,3966,Cash
1186,2025-09-13,1070,16,19,42978,Card
1187,2025-08-04,1085,33,20,29180,Card
1188,2025-12-29,1033,25,9,12537,UPI
1189,2025-10-17,1031,14,11,18755,Card
1190,2025-09-17,1085,37,11,24794,UPI
1191,2025-06-06,1020,3,20,41620,Cash
1192,2025-05-22,1009,23,18,41994,UPI
1193,2025-09-03,1041,21,2,3118,UPI
1194,2025-02-13,1047,32,6,7788,Cash
1195,2025-12-17,1007,40,10,17920,Cash
1196,2025-03-19,1037,37,1,1163,UPI
1197,2025-09-05,1090,7,15,21045,Card
1198,2025-03-14,1094,36,15,29025,Cash
1199,2025-07-24,1001,40,16,24176,Card
1200,2025-01-24,1026,37,10,23640,Cash
