transaction_id,order_id,transaction_date,amount,status
1,332,2025-09-04,18693,Success
2,1179,2025-10-23,6294,Failed
3,373,2025-02-05,4494,Success
4,761,2025-04-17,13739,Success
5,822,2025-12-27,26277,Success
6,645,2025-03-07,32205,Success
7,176,2025-02-17,7564,Failed
8,50,2025-12-21,20356,Success
9,1036,2025-01-04,20230,Success
10,189,2025-08-30,18452,Success
11,1166,2025-10-10,6894,Success
12,100,2025-02-25,32864,Success
13,181,2025-01-19,12551,Success
14,57,2025-08-27,29000,Success
15,1152,2025-08-22,17580,Success
16,282,2025-05-14,1434,Success
17,111,2025-07-25,47044,Success
18,1095,2025-05-20,34538,Success
19,677,2025-04-30,26806,Success
20,359,2025-05-02,28662,Success
21,891,2025-08-30,41097,Failed
22,711,2025-07-13,8780,Success
23,965,2025-11-20,12467,Success
24,667,2025-10-20,5328,Success
25,788,2026-01-01,1533,Success
26,563,2025-03-12,1818,Success
27,895,2025-08-03,16450,Success
28,276,2025-12-16,31518,Success
29,229,2025-06-07,14100,Success
30,327,2025-08-03,8544,Failed
31,272,2025-09-20,19136,Success
32,525,2025-07-08,13472,Success
33,1104,2025-02-05,12882,Success
34,337,2025-10-18,17003,Success
35,70,2025-05-24,12708,Success
36,937,2025-06-15,22652,Success
37,196,2025-09-17,13608,Success
38,509,2025-10-25,26224,Success
39,673,2025-03-02,8190,Success
40,1139,2025-08-04,14868,Success
41,42,2025-11-19,28000,Success
42,859,2025-12-05,38100,Success
43,283,2025-04-14,11170,Success
44,334,2025-09-08,9170,Success
45,867,2025-11-01,24540,Success
46,943,2025-10-27,6769,Success
47,948,2025-01-02,13717,Success
48,434,2025-03-29,15664,Success
49,755,2025-10-03,29888,Success
50,866,2025-02-13,23860,Success
51,388,2025-03-16,20813,Success
52,330,2025-12-22,4796,Success
53,1080,2025-08-23,13678,Success
54,296,2025-04-26,18662,Success
55,315,2025-02-10,6452,Success
56,915,2025-08-13,13806,Failed
57,21,2025-02-16,22484,Success
58,579,2025-03-22,22545,Success
59,995,2025-06-02,2118,Success
60,736,2025-08-05,36244,Success
61,298,2025-02-03,17568,Success
62,673,2025-03-03,8190,Success
63,47,2025-09-11,4068,Success
64,1056,2025-11-27,18015,Failed
65,625,2025-01-23,15883,Failed
66,43,2025-04-02,20000,Success
67,480,2025-02-13,35776,Success
68,237,2025-05-02,16335,Failed
69,985,2025-01-03,1055,Success
70,108,2025-05-01,28378,Success
71,1102,2025-06-07,20961,Success
72,800,2025-11-27,19136,Success
73,1034,2025-09-04,8292,Success
74,1,2025-11-15,8324,Success
75,1140,2025-12-07,7240,Success
76,503,2025-08-28,5664,Failed
77,550,2025-09-08,11417,Success
78,65,2025-09-24,19480,Success
79,189,2025-08-30,18452,Success
80,858,2025-09-14,6183,Failed
81,344,2025-03-12,20556,Success
82,793,2025-11-06,4994,Success
83,1175,2025-02-06,22984,Success
84,516,2025-04-07,14280,Success
85,906,2025-04-11,5538,Failed
86,877,2025-09-15,5228,Failed
87,870,2025-09-11,20160,Success
88,844,2025-04-24,4788,Success
89,202,2025-10-28,20070,Success
90,1138,2025-11-21,13772,Success
91,492,2025-12-24,48600,Success
92,1011,2025-10-29,33320,Success
93,1161,2025-04-09,23250,Success
94,109,2025-01-27,7840,Success
95,78,2025-10-15,40788,Success
96,162,2025-04-21,19503,Success
97,833,2025-08-26,18060,Success
98,1097,2025-01-18,5796,Failed
99,1090,2025-09-21,45296,Success
100,121,2025-05-16,2114,Success
101,1013,2025-06-13,16640,Success
102,1163,2025-05-25,29692,Success
103,925,2025-10-15,13923,Success
104,94,2025-07-27,17898,Success
105,180,2025-01-22,31136,Success
106,424,2025-07-18,1830,Failed
107,911,2025-11-05,7512,Success
108,1050,2025-04-26,35700,Failed
109,962,2025-06-05,1038,Failed
110,213,2025-09-23,3750,Success
111,477,2025-06-04,10848,Success
112,1146,2025-06-17,27721,Success
113,551,2025-10-02,13566,Failed
114,1038,2025-04-12,33252,Success
115,344,2025-03-11,20556,Success
116,364,2025-02-03,19710,Success
117,407,2025-04-13,9888,Success
118,692,2025-06-12,22104,Success
119,680,2025-04-26,19700,Failed
120,883,2025-01-22,3742,Success
121,785,2025-04-11,9072,Success
122,226,2025-07-07,6258,Success
123,191,2025-09-17,18672,Failed
124,485,2025-03-10,2026,Success
125,834,2025-10-20,12608,Success
126,462,2025-01-13,45638,Success
127,959,2025-08-30,9420,Success
128,226,2025-07-07,6258,Failed
129,1144,2025-01-01,9492,Success
130,661,2025-01-21,42449,Success
131,859,2025-12-04,38100,Success
132,114,2025-03-24,27396,Success
133,148,2025-09-05,26316,Success
134,185,2025-11-02,5656,Failed
135,905,2025-06-16,31094,Success
136,57,2025-08-26,29000,Success
137,614,2025-08-21,15630,Success
138,282,2025-05-15,1434,Success
139,876,2025-02-04,13640,Success
140,526,2025-09-18,14994,Success
141,673,2025-03-01,8190,Success
142,629,2025-03-15,16620,Success
143,1134,2025-05-13,24820,Success
144,121,2025-05-18,2114,Success
145,111,2025-07-23,47044,Success
146,310,2025-04-12,30352,Success
147,146,2025-09-28,32452,Success
148,351,2025-03-07,908,Success
149,399,2025-08-09,3664,Success
150,4,2025-02-08,6846,Success
151,276,2025-12-15,31518,Success
152,1023,2025-02-13,15472,Failed
153,532,2025-08-10,14064,Success
154,910,2025-09-06,18707,Failed
155,57,2025-08-27,29000,Success
156,497,2025-11-17,3531,Success
157,490,2025-11-14,3642,Success
158,514,2025-04-10,8672,Failed
159,940,2025-07-28,39320,Success
160,429,2025-10-29,5764,Success
161,876,2025-02-04,13640,Success
162,30,2025-11-25,43720,Success
163,893,2025-07-05,37859,Success
164,983,2025-08-21,2094,Success
165,735,2025-04-19,11195,Success
166,970,2025-03-25,21006,Success
167,1200,2025-01-25,23640,Failed
168,545,2025-05-12,7816,Failed
169,223,2025-08-03,18512,Success
170,299,2025-10-19,20776,Success
171,1049,2025-03-21,1871,Success
172,524,2025-12-10,15910,Success
173,313,2025-03-15,3476,Success
174,452,2025-06-25,10571,Success
175,310,2025-04-12,30352,Success
176,866,2025-02-12,23860,Success
177,1198,2025-03-14,29025,Success
178,241,2025-03-21,10392,Success
179,804,2025-04-01,10895,Success
180,1013,2025-06-12,16640,Success
181,435,2025-12-26,39425,Success
182,501,2025-04-17,14076,Success
183,198,2025-02-15,11517,Success
184,794,2025-10-01,27005,Success
185,913,2025-02-10,16096,Success
186,840,2025-09-30,24800,Success
187,366,2025-05-30,13212,Success
188,87,2025-09-30,5936,Success
189,317,2025-06-08,10710,Success
190,107,2025-06-03,26145,Success
191,61,2025-11-21,19467,Success
192,546,2025-12-30,27852,Success
193,1041,2025-03-17,4546,Success
194,957,2025-01-17,9780,Success
195,688,2025-10-06,15477,Success
196,461,2025-11-21,9020,Success
197,419,2025-11-22,3266,Success
198,178,2025-11-14,23086,Success
199,709,2025-08-11,3771,Success
200,272,2025-09-19,19136,Failed
201,788,2026-01-02,1533,Success
202,374,2025-06-05,12124,Success
203,914,2025-09-01,22841,Success
204,1046,2025-03-18,13140,Failed
205,340,2025-08-26,18825,Success
206,283,2025-04-14,11170,Success
207,48,2025-05-07,6951,Success
208,538,2025-07-25,19548,Success
209,162,2025-04-22,19503,Success
210,62,2025-01-20,39083,Success
211,41,2025-01-22,37206,Success
212,542,2025-03-27,12850,Failed
213,131,2025-12-05,9808,Success
214,190,2025-10-12,22429,Success
215,711,2025-07-12,8780,Success
216,217,2025-11-02,17514,Success
217,200,2025-11-18,16352,Success
218,619,2025-09-07,33072,Success
219,668,2025-03-03,13993,Failed
220,326,2025-06-25,16832,Success
221,681,2025-01-10,12392,Success
222,434,2025-03-31,15664,Success
223,657,2025-08-07,9120,Success
224,496,2025-11-27,32058,Success
225,419,2025-11-22,3266,Success
226,52,2025-07-08,3266,Failed
227,1117,2025-08-12,6162,Success
228,839,2025-04-23,11340,Success
229,1090,2025-09-22,45296,Success
230,670,2025-11-22,38358,Failed
231,618,2025-08-22,11330,Success
232,447,2025-11-09,6724,Success
233,1126,2025-11-02,1607,Success
234,118,2025-02-20,4912,Success
235,933,2025-01-18,7329,Success
236,930,2025-02-10,27405,Success
237,892,2025-06-24,4056,Success
238,1084,2025-12-27,28944,Success
239,155,2025-10-28,29024,Success
240,1148,2025-04-02,4814,Failed
241,596,2025-09-18,22356,Failed
242,359,2025-05-01,28662,Success
243,1047,2025-03-09,1395,Success
244,70,2025-05-24,12708,Success
245,143,2026-01-02,36240,Success
246,1119,2025-09-01,3586,Success
247,713,2025-08-05,16965,Success
248,1060,2025-10-24,20647,Failed
249,398,2025-06-18,40700,Success
250,371,2025-04-15,26874,Success
251,579,2025-03-20,22545,Success
252,368,2025-02-28,14904,Success
253,797,2025-10-24,21660,Success
254,1050,2025-04-26,35700,Success
255,782,2025-02-12,8176,Success
256,551,2025-10-02,13566,Success
257,743,2025-03-22,9891,Success
258,163,2025-06-20,2494,Success
259,64,2025-04-01,16380,Success
260,574,2025-03-06,14619,Success
261,9,2025-03-21,17152,Success
262,779,2025-12-10,3196,Success
263,261,2025-08-23,2196,Success
264,629,2025-03-15,16620,Success
265,314,2025-01-13,10329,Failed
266,1019,2025-11-18,32436,Failed
267,106,2025-09-21,19314,Success
268,922,2025-06-08,3312,Success
269,1011,2025-10-30,33320,Success
270,1022,2025-03-26,39140,Success
271,933,2025-01-18,7329,Success
272,72,2025-05-06,36312,Success
273,1068,2025-04-12,4558,Success
274,621,2025-08-22,18801,Success
275,92,2025-04-16,33750,Success
276,764,2025-05-31,29203,Success
277,576,2025-03-09,22944,Success
278,265,2025-08-17,4588,Success
279,533,2025-09-05,36162,Success
280,549,2025-03-04,6405,Success
281,399,2025-08-10,3664,Success
282,1031,2025-09-16,5844,Success
283,1075,2025-11-26,6204,Success
284,483,2025-09-06,19176,Success
285,512,2025-03-06,13871,Success
286,1004,2025-10-08,37587,Success
287,593,2025-04-22,11274,Success
288,530,2025-01-22,5817,Success
289,1084,2025-12-29,28944,Success
290,191,2025-09-18,18672,Success
291,495,2025-04-18,8508,Success
292,1020,2025-01-28,33269,Failed
293,463,2025-11-11,3256,Success
294,707,2025-04-14,11960,Success
295,861,2025-01-09,22561,Failed
296,229,2025-06-08,14100,Failed
297,868,2025-10-04,30976,Success
298,1136,2025-11-26,13377,Success
299,498,2025-01-06,14475,Success
300,954,2025-02-24,14608,Success
301,689,2025-10-31,30708,Success
302,295,2025-06-11,1772,Success
303,1182,2025-03-23,28460,Failed
304,535,2025-01-12,10920,Success
305,936,2025-11-20,7472,Success
306,328,2025-05-20,13386,Success
307,381,2025-02-21,38817,Success
308,223,2025-08-03,18512,Success
309,417,2025-04-22,20625,Success
310,983,2025-08-21,2094,Success
311,547,2025-06-23,27084,Success
312,174,2025-04-01,32461,Success
313,1164,2025-02-07,13770,Success
314,1059,2025-09-13,10424,Success
315,533,2025-09-06,36162,Success
316,402,2025-10-01,35760,Failed
317,762,2025-10-28,26790,Success
318,732,2025-04-13,25674,Success
319,133,2025-04-15,25362,Success
320,975,2025-10-21,7584,Success
321,329,2025-01-23,24648,Success
322,847,2025-05-31,13365,Failed
323,256,2025-10-23,23590,Success
324,41,2025-01-22,37206,Success
325,18,2025-07-04,7785,Success
326,1067,2025-02-13,18896,Success
327,731,2025-10-01,24576,Failed
328,532,2025-08-08,14064,Success
329,830,2025-01-02,2544,Success
330,665,2025-02-23,19062,Success
331,187,2025-11-17,6060,Success
332,409,2025-10-14,7408,Failed
333,721,2025-04-05,5125,Success
334,1048,2025-12-11,26537,Success
335,129,2025-03-05,14157,Failed
336,948,2025-01-03,13717,Success
337,268,2025-07-19,4855,Failed
338,373,2025-02-06,4494,Failed
339,367,2025-07-26,8449,Success
340,743,2025-03-22,9891,Success
341,390,2025-01-04,19584,Success
342,906,2025-04-11,5538,Success
343,360,2025-05-30,12310,Success
344,905,2025-06-16,31094,Success
345,1137,2025-12-11,28272,Success
346,1025,2025-04-15,1084,Success
347,523,2025-08-01,12159,Success
348,1197,2025-09-06,21045,Success
349,835,2025-04-12,9906,Success
350,323,2025-03-11,23520,Failed
351,771,2025-12-16,47424,Success
352,150,2025-04-13,26400,Success
353,925,2025-10-13,13923,Success
354,53,2025-03-19,4672,Success
355,425,2025-08-07,9504,Success
356,642,2025-10-02,24633,Success
357,158,2025-04-15,34748,Failed
358,45,2025-04-06,21204,Failed
359,717,2025-02-13,5852,Success
360,116,2025-02-23,9555,Success
361,401,2025-04-03,24492,Success
362,259,2025-12-18,20930,Success
363,448,2025-09-30,1910,Success
364,13,2025-06-23,19422,Failed
365,618,2025-08-23,11330,Success
366,1092,2025-03-26,13972,Success
367,465,2025-02-19,20580,Success
368,893,2025-07-03,37859,Success
369,1142,2025-01-01,36803,Success
370,736,2025-08-04,36244,Failed
371,181,2025-01-19,12551,Success
372,126,2025-08-21,3153,Success
373,948,2025-01-04,13717,Success
374,64,2025-04-02,16380,Success
375,184,2025-12-05,9492,Success
376,228,2025-10-27,6342,Success
377,965,2025-11-20,12467,Success
378,667,2025-10-21,5328,Success
379,549,2025-03-04,6405,Failed
380,1095,2025-05-20,34538,Success
381,308,2025-10-01,25432,Success
382,1085,2025-07-28,12390,Success
383,288,2025-03-08,18462,Success
384,1,2025-11-15,8324,Success
385,395,2025-07-14,8790,Success
386,787,2025-10-19,2961,Success
387,557,2025-03-04,9090,Failed
388,694,2025-09-07,10505,Success
389,670,2025-11-22,38358,Success
390,279,2025-07-20,15264,Success
391,678,2025-04-11,37568,Success
392,495,2025-04-17,8508,Success
393,755,2025-10-04,29888,Success
394,848,2025-10-24,25650,Success
395,1181,2025-05-13,16497,Success
396,331,2025-04-02,47234,Success
397,354,2025-03-27,27198,Success
398,336,2025-04-10,15664,Success
399,742,2025-10-24,5830,Success
400,27,2025-10-26,24915,Success
401,714,2025-06-27,17488,Success
402,96,2025-02-17,14894,Success
403,113,2025-03-20,23640,Success
404,134,2025-04-25,14144,Failed
405,380,2025-06-25,22140,Success
406,325,2025-11-21,4505,Success
407,938,2025-10-24,18016,Success
408,726,2025-07-03,45600,Success
409,552,2025-11-28,8838,Success
410,254,2025-01-28,11970,Success
411,714,2025-06-26,17488,Success
412,487,2025-01-18,39504,Success
413,1067,2025-02-13,18896,Success
414,1188,2025-12-29,12537,Success
415,401,2025-04-05,24492,Success
416,1057,2025-01-24,19279,Failed
417,227,2025-07-22,33880,Success
418,648,2025-09-08,13755,Success
419,503,2025-08-28,5664,Success
420,921,2025-05-03,12425,Success
421,1183,2025-05-27,12540,Failed
422,429,2025-10-31,5764,Success
423,1089,2025-07-03,12190,Success
424,722,2025-12-14,10934,Success
425,926,2025-11-08,35952,Success
426,408,2025-01-30,13486,Success
427,589,2025-04-29,16996,Success
428,477,2025-06-04,10848,Success
429,205,2025-12-19,24662,Success
430,535,2025-01-11,10920,Success
431,970,2025-03-25,21006,Success
432,909,2025-05-24,23868,Failed
433,1040,2025-01-18,6600,Success
434,1104,2025-02-04,12882,Success
435,1018,2025-12-11,28920,Success
436,667,2025-10-19,5328,Success
437,267,2025-09-21,19327,Success
438,1026,2025-10-23,19006,Success
439,636,2025-10-06,20163,Success
440,834,2025-10-22,12608,Failed
441,789,2025-06-20,17930,Success
442,462,2025-01-14,45638,Success
443,373,2025-02-05,4494,Success
444,11,2025-03-29,18990,Success
445,477,2025-06-04,10848,Success
446,178,2025-11-12,23086,Success
447,927,2025-12-09,2358,Success
448,872,2025-12-26,21940,Success
449,895,2025-08-03,16450,Success
450,231,2025-11-20,17578,Success
451,365,2025-02-24,923,Success
452,881,2025-12-30,6435,Success
453,288,2025-03-09,18462,Failed
454,130,2025-05-20,11514,Failed
455,167,2025-03-22,22704,Failed
456,112,2025-06-28,2074,Failed
457,500,2025-01-21,5814,Success
458,19,2025-04-25,31984,Success
459,306,2025-11-25,13728,Success
460,732,2025-04-14,25674,Success
461,72,2025-05-08,36312,Success
462,94,2025-07-28,17898,Failed
463,447,2025-11-11,6724,Success
464,1017,2025-04-19,33240,Success
465,1148,2025-04-03,4814,Failed
466,940,2025-07-28,39320,Success
467,763,2025-02-16,9093,Success
468,1084,2025-12-27,28944,Success
469,933,2025-01-18,7329,Success
470,102,2025-05-12,7812,Success
471,430,2025-06-25,13580,Success
472,834,2025-10-21,12608,Success
473,64,2025-03-31,16380,Success
474,517,2025-12-03,10660,Success
475,677,2025-04-28,26806,Success
476,458,2025-11-10,2091,Failed
477,722,2025-12-12,10934,Success
478,522,2025-06-23,30780,Success
479,302,2025-02-03,6895,Success
480,385,2025-10-12,32416,Failed
481,875,2025-12-22,18450,Success
482,18,2025-07-04,7785,Success
483,84,2025-06-03,47006,Success
484,782,2025-02-12,8176,Failed
485,613,2025-10-01,15250,Success
486,434,2025-03-30,15664,Failed
487,806,2025-12-14,15950,Failed
488,339,2025-05-02,47240,Success
489,337,2025-10-18,17003,Success
490,475,2025-11-03,44964,Success
491,707,2025-04-12,11960,Failed
492,668,2025-03-03,13993,Success
493,693,2025-08-15,11640,Success
494,124,2025-07-03,29640,Success
495,1041,2025-03-17,4546,Success
496,971,2025-11-24,947,Success
497,669,2025-08-10,19395,Success
498,716,2025-11-03,7880,Success
499,218,2025-04-19,18459,Failed
500,203,2025-04-28,1580,Success
501,589,2025-04-29,16996,Success
502,511,2025-12-23,30096,Success
503,448,2025-09-29,1910,Success
504,976,2025-02-23,8044,Failed
505,194,2025-09-27,3174,Success
506,943,2025-10-27,6769,Success
507,879,2025-04-08,13398,Success
508,1047,2025-03-09,1395,Success
509,417,2025-04-22,20625,Success
510,443,2025-01-17,7353,Success
511,208,2025-04-25,47240,Success
512,246,2025-03-07,4778,Success
513,489,2025-11-25,3060,Success
514,685,2025-10-15,2462,Success
515,897,2025-02-23,16992,Success
516,470,2025-06-18,40527,Success
517,300,2025-09-12,1352,Success
518,661,2025-01-23,42449,Success
519,464,2025-10-11,9264,Failed
520,44,2025-08-29,10437,Success
521,514,2025-04-10,8672,Success
522,529,2025-04-05,9980,Success
523,638,2025-12-12,7077,Failed
524,159,2025-09-26,25993,Success
525,130,2025-05-21,11514,Success
526,129,2025-03-03,14157,Success
527,40,2025-04-06,14619,Failed
528,86,2025-10-18,12717,Success
529,51,2025-07-07,6960,Success
530,613,2025-10-03,15250,Success
531,337,2025-10-19,17003,Success
532,454,2025-04-30,13048,Success
533,429,2025-10-29,5764,Success
534,317,2025-06-07,10710,Success
535,1143,2025-07-08,40443,Success
536,347,2025-01-07,13176,Success
537,285,2025-12-01,7475,Success
538,1073,2025-03-29,34524,Success
539,554,2025-04-14,31020,Success
540,111,2025-07-23,47044,Success
541,926,2025-11-08,35952,Success
542,714,2025-06-26,17488,Success
543,101,2025-09-14,9660,Failed
544,690,2025-12-26,34765,Success
545,116,2025-02-24,9555,Success
546,1082,2025-06-11,22239,Success
547,951,2025-07-25,4476,Success
548,111,2025-07-25,47044,Success
549,1092,2025-03-27,13972,Failed
550,356,2025-10-20,15280,Success
551,391,2025-07-16,7275,Success
552,1000,2025-02-28,2272,Success
553,120,2025-08-29,43920,Success
554,263,2025-08-14,3726,Failed
555,100,2025-02-26,32864,Success
556,343,2025-01-10,17768,Success
557,962,2025-06-06,1038,Failed
558,676,2025-12-15,21762,Success
559,468,2025-07-03,23672,Failed
560,1089,2025-07-03,12190,Success
561,756,2025-09-07,31103,Success
562,1142,2025-01-01,36803,Success
563,835,2025-04-12,9906,Success
564,361,2025-08-24,23888,Success
565,943,2025-10-28,6769,Success
566,246,2025-03-08,4778,Success
567,616,2025-01-13,6216,Success
568,345,2025-07-24,27195,Success
569,984,2025-11-14,12175,Success
570,820,2025-04-26,3546,Success
571,665,2025-02-23,19062,Success
572,756,2025-09-08,31103,Failed
573,68,2025-04-28,19800,Success
574,457,2025-10-02,19377,Success
575,840,2025-10-02,24800,Success
576,1156,2025-11-25,13794,Success
577,1106,2025-07-07,7035,Success
578,137,2025-04-05,26544,Success
579,184,2025-12-03,9492,Success
580,1083,2025-08-22,34380,Success
581,1044,2025-04-07,15064,Success
582,602,2025-02-06,29088,Failed
583,181,2025-01-20,12551,Success
584,707,2025-04-13,11960,Failed
585,1107,2025-06-24,31564,Success
586,980,2025-02-01,22151,Success
587,505,2025-11-30,29016,Success
588,1023,2025-02-13,15472,Success
589,44,2025-08-29,10437,Success
590,1049,2025-03-22,1871,Success
591,1053,2025-05-07,27076,Success
592,644,2025-03-04,11735,Success
593,228,2025-10-29,6342,Success
594,902,2026-01-02,27408,Success
595,775,2025-11-04,20214,Success
596,112,2025-06-27,2074,Failed
597,1061,2025-10-08,22087,Failed
598,414,2025-01-25,45562,Success
599,774,2025-04-14,9216,Success
600,1053,2025-05-07,27076,Success
601,243,2025-09-29,22135,Success
602,210,2025-09-05,27469,Success
603,1039,2025-11-24,9632,Success
604,80,2025-12-08,44766,Success
605,1041,2025-03-17,4546,Success
606,334,2025-09-10,9170,Success
607,825,2025-09-29,11530,Success
608,203,2025-04-30,1580,Failed
609,1070,2025-08-02,6408,Success
610,975,2025-10-20,7584,Success
611,83,2025-06-30,14040,Success
612,925,2025-10-13,13923,Success
613,762,2025-10-28,26790,Success
614,1089,2025-07-03,12190,Failed
615,55,2025-01-13,1513,Success
616,5,2025-10-14,11440,Success
617,233,2025-07-27,32310,Failed
618,1088,2025-12-28,30060,Success
619,414,2025-01-24,45562,Success
620,251,2025-06-10,43160,Success
621,14,2025-08-04,6695,Success
622,176,2025-02-17,7564,Success
623,51,2025-07-09,6960,Failed
624,682,2025-08-11,26586,Success
625,1166,2025-10-11,6894,Success
626,702,2025-07-01,12246,Success
627,778,2025-10-22,6663,Success
628,122,2025-06-24,29246,Success
629,1132,2025-11-02,28050,Success
630,781,2025-05-19,32312,Success
631,100,2025-02-27,32864,Success
632,236,2025-07-10,17292,Failed
633,279,2025-07-20,15264,Success
634,480,2025-02-14,35776,Success
635,842,2025-07-04,25744,Success
636,631,2025-04-14,8930,Success
637,418,2025-06-17,18528,Success
638,1043,2025-01-11,17100,Success
639,800,2025-11-28,19136,Failed
640,136,2025-08-23,16324,Success
641,1200,2025-01-25,23640,Success
642,198,2025-02-15,11517,Success
643,207,2025-07-20,22430,Success
644,221,2025-01-17,11319,Failed
645,1117,2025-08-12,6162,Success
646,322,2025-06-13,12177,Success
647,179,2025-10-30,34830,Success
648,897,2025-02-24,16992,Success
649,357,2025-04-01,13123,Success
650,426,2025-04-28,12966,Failed
651,577,2025-01-03,16995,Success
652,819,2025-04-12,7112,Failed
653,554,2025-04-13,31020,Success
654,44,2025-08-28,10437,Success
655,1110,2025-09-16,12112,Success
656,1018,2025-12-09,28920,Success
657,263,2025-08-13,3726,Success
658,148,2025-09-05,26316,Failed
659,537,2025-01-13,1540,Success
660,351,2025-03-08,908,Success
661,193,2025-12-06,17490,Success
662,417,2025-04-21,20625,Success
663,370,2025-04-23,39474,Failed
664,51,2025-07-08,6960,Success
665,397,2025-07-26,10323,Success
666,212,2025-08-29,16632,Success
667,58,2025-12-01,4743,Success
668,320,2025-07-10,19404,Success
669,127,2025-11-12,13266,Success
670,919,2025-08-19,18804,Success
671,674,2025-12-01,17195,Success
672,835,2025-04-12,9906,Success
673,713,2025-08-06,16965,Success
674,977,2025-07-22,4452,Success
675,95,2025-12-08,23220,Success
676,148,2025-09-04,26316,Success
677,1018,2025-12-11,28920,Success
678,193,2025-12-06,17490,Success
679,746,2025-09-07,21000,Failed
680,696,2025-01-30,4796,Success
681,157,2025-03-11,7210,Success
682,595,2025-08-25,2281,Failed
683,158,2025-04-13,34748,Success
684,429,2025-10-31,5764,Success
685,586,2025-09-10,23940,Success
686,860,2025-07-22,15669,Success
687,255,2025-01-22,19737,Success
688,820,2025-04-25,3546,Success
689,937,2025-06-15,22652,Failed
690,1140,2025-12-07,7240,Success
691,1163,2025-05-24,29692,Success
692,384,2025-09-15,39264,Failed
693,1187,2025-08-05,29180,Success
694,901,2025-02-25,10458,Success
695,416,2025-08-10,32382,Success
696,658,2025-12-29,26530,Success
697,570,2025-05-17,15512,Success
698,1057,2025-01-24,19279,Success
699,15,2025-09-07,11742,Success
700,37,2025-12-27,25664,Success
701,819,2025-04-12,7112,Success
702,691,2025-12-20,24735,Success
703,518,2025-12-25,10152,Success
704,107,2025-06-03,26145,Success
705,18,2025-07-02,7785,Success
706,1193,2025-09-04,3118,Success
707,864,2025-09-02,10899,Failed
708,319,2025-08-29,20280,Success
709,641,2025-03-20,3168,Success
710,178,2025-11-13,23086,Success
711,64,2025-03-31,16380,Success
712,104,2025-11-28,10250,Success
713,753,2025-02-22,11843,Failed
714,721,2025-04-05,5125,Success
715,1057,2025-01-25,19279,Failed
716,43,2025-04-02,20000,Failed
717,16,2025-05-22,38992,Success
718,84,2025-06-04,47006,Success
719,905,2025-06-17,31094,Success
720,631,2025-04-13,8930,Failed
721,101,2025-09-13,9660,Success
722,971,2025-11-25,947,Success
723,1064,2025-06-25,8056,Success
724,890,2025-04-27,28896,Failed
725,706,2025-01-16,6321,Success
726,45,2025-04-06,21204,Success
727,387,2025-12-23,18360,Success
728,744,2025-01-28,16560,Success
729,262,2025-12-07,13104,Success
730,678,2025-04-09,37568,Success
731,48,2025-05-08,6951,Success
732,974,2025-11-10,17235,Failed
733,1167,2025-04-09,19520,Failed
734,621,2025-08-21,18801,Success
735,179,2025-10-30,34830,Failed
736,32,2025-07-10,14370,Success
737,284,2025-05-29,13959,Failed
738,1029,2025-01-08,23504,Failed
739,565,2025-10-02,16680,Success
740,211,2025-07-21,10112,Success
741,317,2025-06-08,10710,Failed
742,97,2025-06-12,36431,Success
743,852,2025-05-01,15180,Success
744,552,2025-11-28,8838,Success
745,123,2025-08-16,29206,Failed
746,939,2025-12-30,18460,Success
747,604,2025-06-10,5680,Success
748,111,2025-07-23,47044,Failed
749,479,2025-02-21,33465,Success
750,1146,2025-06-15,27721,Success
751,352,2025-10-03,12756,Success
752,701,2025-02-12,3372,Success
753,256,2025-10-23,23590,Success
754,527,2025-12-14,12246,Success
755,321,2025-01-08,15652,Success
756,248,2025-05-09,37360,Success
757,201,2025-06-16,25056,Success
758,40,2025-04-05,14619,Success
759,533,2025-09-06,36162,Success
760,539,2025-03-20,33915,Success
761,1082,2025-06-13,22239,Success
762,857,2025-09-25,14091,Failed
763,444,2025-04-17,24803,Success
764,458,2025-11-09,2091,Success
765,1058,2025-10-13,34062,Success
766,366,2025-05-30,13212,Success
767,41,2025-01-20,37206,Success
768,733,2025-03-26,23507,Success
769,1140,2025-12-07,7240,Success
770,355,2025-06-16,9930,Success
771,871,2025-06-13,7635,Success
772,508,2025-04-24,22529,Success
773,60,2025-05-12,10812,Success
774,34,2025-01-25,10360,Success
775,493,2025-12-15,13134,Success
776,843,2025-11-05,19550,Success
777,795,2025-12-26,16011,Success
778,834,2025-10-20,12608,Success
779,1006,2025-11-23,40443,Success
780,378,2025-12-27,16808,Success
781,980,2025-02-01,22151,Success
782,881,2025-12-30,6435,Success
783,1184,2025-05-24,19316,Success
784,658,2025-12-30,26530,Success
785,586,2025-09-09,23940,Success
786,1146,2025-06-16,27721,Success
787,41,2025-01-22,37206,Success
788,830,2025-01-02,2544,Success
789,596,2025-09-17,22356,Failed
790,1138,2025-11-21,13772,Success
791,1048,2025-12-11,26537,Success
792,880,2025-03-19,23103,Success
793,583,2025-01-12,8564,Success
794,661,2025-01-21,42449,Success
795,165,2025-09-29,7609,Success
796,387,2025-12-24,18360,Success
797,758,2025-08-29,23220,Success
798,979,2025-01-27,28808,Failed
799,551,2025-10-02,13566,Success
800,469,2025-11-03,11656,Success
801,962,2025-06-06,1038,Success
802,1085,2025-07-29,12390,Success
803,926,2025-11-09,35952,Success
804,495,2025-04-17,8508,Success
805,877,2025-09-15,5228,Success
806,109,2025-01-28,7840,Success
807,365,2025-02-24,923,Success
808,718,2025-08-27,2380,Failed
809,531,2025-09-06,4036,Success
810,374,2025-06-03,12124,Success
811,1009,2025-09-21,12136,Success
812,468,2025-07-04,23672,Success
813,339,2025-05-02,47240,Success
814,607,2025-10-31,40273,Failed
815,144,2025-12-06,2076,Failed
816,328,2025-05-20,13386,Success
817,647,2025-03-12,36601,Success
818,521,2025-10-31,11950,Success
819,171,2025-06-01,7146,Failed
820,733,2025-03-26,23507,Success
821,762,2025-10-27,26790,Success
822,836,2025-04-02,2226,Success
823,962,2025-06-05,1038,Success
824,541,2025-04-28,22698,Success
825,1098,2025-02-03,3586,Success
826,713,2025-08-06,16965,Success
827,728,2025-01-28,24739,Success
828,763,2025-02-16,9093,Success
829,1047,2025-03-11,1395,Failed
830,260,2025-05-28,15928,Success
831,343,2025-01-10,17768,Success
832,313,2025-03-17,3476,Success
833,331,2025-04-03,47234,Success
834,228,2025-10-28,6342,Success
835,829,2025-04-27,10829,Success
836,673,2025-03-01,8190,Success
837,141,2025-01-07,7028,Success
838,492,2025-12-24,48600,Success
839,776,2025-11-12,6000,Success
840,681,2025-01-10,12392,Failed
841,1041,2025-03-17,4546,Success
842,137,2025-04-05,26544,Success
843,849,2025-05-25,33440,Success
844,474,2025-02-06,9436,Success
845,353,2025-07-16,38928,Success
846,814,2025-05-21,8310,Success
847,59,2025-05-05,46607,Success
848,946,2025-10-10,18048,Success
849,1136,2025-11-27,13377,Success
850,759,2025-09-09,15988,Success
851,132,2025-06-03,43600,Success
852,424,2025-07-20,1830,Success
853,674,2025-12-01,17195,Success
854,854,2025-09-04,8898,Success
855,580,2025-01-29,40932,Success
856,114,2025-03-24,27396,Success
857,759,2025-09-10,15988,Success
858,1001,2025-12-28,1446,Success
859,103,2025-09-12,9162,Success
860,659,2025-05-12,4820,Success
861,727,2025-04-09,29985,Success
862,1055,2025-10-31,20230,Success
863,588,2025-02-06,31008,Success
864,404,2025-03-12,17256,Success
865,409,2025-10-14,7408,Success
866,492,2025-12-24,48600,Success
867,733,2025-03-26,23507,Success
868,692,2025-06-14,22104,Success
869,807,2025-06-02,23921,Success
870,1049,2025-03-21,1871,Failed
871,719,2025-07-04,18480,Failed
872,878,2025-01-08,36345,Success
873,312,2025-06-04,32011,Success
874,1156,2025-11-27,13794,Success
875,1180,2025-03-26,6100,Success
876,570,2025-05-17,15512,Success
877,909,2025-05-25,23868,Failed
878,148,2025-09-06,26316,Success
879,965,2025-11-21,12467,Success
880,94,2025-07-29,17898,Success
881,739,2025-04-03,2484,Success
882,449,2025-09-18,32452,Failed
883,701,2025-02-13,3372,Success
884,685,2025-10-14,2462,Success
885,225,2025-01-26,20218,Success
886,42,2025-11-20,28000,Failed
887,382,2025-10-04,6810,Success
888,147,2025-01-31,11998,Success
889,141,2025-01-06,7028,Success
890,43,2025-04-04,20000,Success
891,78,2025-10-17,40788,Failed
892,452,2025-06-24,10571,Success
893,1184,2025-05-25,19316,Success
894,1097,2025-01-20,5796,Success
895,593,2025-04-22,11274,Success
896,1135,2025-08-13,2387,Success
897,404,2025-03-10,17256,Success
898,733,2025-03-25,23507,Failed
899,782,2025-02-13,8176,Success
900,1176,2025-09-30,15620,Success
901,985,2025-01-02,1055,Success
902,48,2025-05-07,6951,Success
903,654,2025-11-06,4304,Success
904,913,2025-02-10,16096,Failed
905,617,2025-05-17,2359,Success
906,157,2025-03-13,7210,Success
907,702,2025-07-02,12246,Success
908,434,2025-03-29,15664,Success
909,223,2025-08-03,18512,Success
910,458,2025-11-08,2091,Success
911,422,2025-08-17,19190,Success
912,970,2025-03-23,21006,Success
913,696,2025-01-30,4796,Failed
914,542,2025-03-28,12850,Success
915,179,2025-10-29,34830,Success
916,783,2025-02-04,34080,Success
917,189,2025-08-31,18452,Success
918,1143,2025-07-09,40443,Success
919,1158,2025-10-22,9480,Success
920,1049,2025-03-23,1871,Success
921,128,2025-12-08,11888,Success
922,566,2025-08-27,7290,Success
923,884,2025-07-13,16692,Success
924,696,2025-01-29,4796,Success
925,1088,2025-12-28,30060,Success
926,715,2025-06-08,22824,Success
927,61,2025-11-19,19467,Success
928,128,2025-12-06,11888,Success
929,1153,2025-03-25,7269,Success
930,406,2025-06-28,17392,Failed
931,1074,2025-01-06,9000,Success
932,1075,2025-11-25,6204,Success
933,731,2025-09-29,24576,Success
934,1088,2025-12-28,30060,Success
935,251,2025-06-11,43160,Success
936,854,2025-09-05,8898,Failed
937,18,2025-07-02,7785,Success
938,67,2025-08-03,26110,Success
939,574,2025-03-04,14619,Success
940,383,2025-11-28,9016,Success
941,536,2025-03-27,9922,Success
942,564,2025-08-24,6024,Failed
943,1020,2025-01-26,33269,Success
944,941,2025-06-22,23596,Success
945,46,2025-08-31,3048,Success
946,329,2025-01-24,24648,Success
947,833,2025-08-27,18060,Success
948,1122,2025-08-21,18750,Failed
949,467,2025-09-20,41157,Success
950,508,2025-04-23,22529,Success
951,351,2025-03-07,908,Success
952,734,2025-08-04,8224,Failed
953,165,2025-10-01,7609,Success
954,430,2025-06-27,13580,Success
955,1160,2025-07-03,17930,Success
956,66,2025-08-11,23647,Success
957,956,2025-11-24,14193,Success
958,1028,2025-05-26,18250,Success
959,1180,2025-03-25,6100,Success
960,357,2025-04-02,13123,Success
961,549,2025-03-03,6405,Success
962,238,2025-11-19,31187,Success
963,832,2025-09-05,28594,Failed
964,44,2025-08-30,10437,Failed
965,496,2025-11-27,32058,Success
966,476,2025-11-17,3304,Failed
967,446,2025-08-15,12080,Success
968,772,2025-10-19,23316,Success
969,567,2025-07-16,13800,Success
970,149,2025-04-28,38944,Success
971,744,2025-01-30,16560,Success
972,211,2025-07-22,10112,Success
973,613,2025-10-03,15250,Failed
974,1197,2025-09-07,21045,Success
975,582,2025-02-24,27220,Success
976,577,2025-01-01,16995,Success
977,628,2025-03-02,16940,Success
978,882,2025-03-02,12271,Success
979,463,2025-11-13,3256,Success
980,654,2025-11-08,4304,Success
981,696,2025-01-31,4796,Success
982,348,2025-02-08,2914,Success
983,358,2025-05-14,2153,Success
984,620,2025-12-09,13640,Success
985,966,2025-01-30,25025,Failed
986,1170,2025-12-08,2048,Success
987,201,2025-06-16,25056,Success
988,710,2025-12-21,19415,Success
989,540,2025-09-21,13440,Success
990,1167,2025-04-09,19520,Success
991,696,2025-01-29,4796,Success
992,632,2025-03-27,12240,Failed
993,1075,2025-11-25,6204,Success
994,149,2025-04-29,38944,Success
995,181,2025-01-21,12551,Success
996,543,2025-10-18,9096,Success
997,251,2025-06-11,43160,Success
998,1072,2025-03-21,1736,Success
999,169,2025-04-24,17352,Success
1000,1055,2025-10-29,20230,Success
